showcode,date,rating,text
PF374800,2019.10.25 22:21,5.0,"김현식 님의 노래와 더불어... 안타까운 사랑이야기를 뮤지컬로...... 너무 감동적이었어요.  2층 중앙에서 한번보고, 1층 VIP석에서도 한번...  다른 분위기도 느끼고.... 근래 정말 좋은 공연을 보았습니다."
PF374800,2019.10.23 15:34,5.0,"우리 시대의 가수 김현식 우리나라의 프레디 머큐리 김현식주옥 같은 그의 노래를 들으며 청춘을 보냈던 입장에서뮤지컬 사랑했어요는 이 가을 가슴 흥건히 울리는 공연이었다.아프지만 아름다운 사랑이야기는 그 시대를 산 우리들의 공감을, 추억을 불러주어 뜨거운 감동을 주었고 신명을 다하는 배우들의 연기와 노래 춤, 그리고 완벽하리만큼 신박한 무대 연출 기술은이 공연의 품격과 위상이 세계 최고 수준이라 해도 될만큼 훌륭하다.개막 초기에 보고 주변에 권하고 추천하고 하여 많이들 보았는데 추천해주어 고맙다는 인사를 받는다. 두번씩 보는 분들도 있다.  이 가을 김현식노래와 사랑이야기에 빠져 멋진 추억을 만들어 준 &lt;뮤지컬 사랑했어요&gt;에 진심 감사 인사를 보내고 싶다. 멋진 공연 감사합니다.사랑했어요 뮤지컬을"
PF374800,2019.10.07 12:17,4.0,가슴이 따듯해지는 뮤지컬입니다노래 한곡한곡 정말 멋진 공연이었습니다.이홍기님 때문에 공연을 접했으나 너무 재미있게 본 뮤지컬이었습니다감동이었어요 노래도 너무 좋구요다시 보고싶네요솔직히  이홍기님 나오는것만 봐서 전체  무대보기를 못했어요전체 무대를 다시 봤으면 좋겠어요
PF374800,2019.10.04 23:10,4.0,가을에 어울리는 뮤지컬
PF374800,2019.10.04 21:10,4.0,"&lt;10월3일2시공연후기&gt;세번째관람의 페어는 송창의님,이재진님,신고은님이였습니다. 세번째관람은 1층1열중앙블럭오른쪽 끝이였는데 개인적으로는 정중앙보다는 살짝 사이드가 더 좋았습니다. 배우분들을 볼 기회도 더 많고 시야도 정중앙보다 편했습니다. 이재진님은 원래 베이스치시는분이라 알고있는데 노래를 너무 잘하셔서 놀랬습니다. 이홍기님과는 다르게 조금 더 어린느낌으로 기철과 준혁사이의 형.동생 느낌을 더 잘살린것같습니다. 세번째관람때는 9월공연과는 조금씩 달라진부분들이 있었습니다. 타이밍이나 대사와 같은것들이 조금씩바꼈는데 이게 배우님들의 애드립일수도 있으나 저는 바뀐게 극의 개연성을 높이는데 더욱 도움을 준것같아 좋았습니다.총 세번의 관람을 했는데 후로 갈수록 배우분들도 여유를 가지고 하시는게 느껴집니다. 그리고 이 극의 주인공은 준혁도 기철도 은주도 아닌 앙상블분들이 아닌가 싶습니다. '비오는날의수채화' 부를 때도 그렇고 독무추시는 권수임배우님도 너무 멋있었습니다."
PF374800,2019.10.04 21:10,4.0,"&lt;9월29일8시공연후기&gt;두번째관람의 페어는 나윤권님,이홍기님,신고은님이였습니다. 두번째 관람은 2층 오른쪽구역에서 보았는데 확실히 먼것도 있지만 음향이 1층만큼은 전달이 되지않는느낌이였습니다. 음향을 중시하는분들이라면 2층보다는 1층 뒤쪽이 더 나을꺼같다고 생각합니다. 2층에서보니 첫번째는 보지 못했던 부분도 보이고 애니매이션으로 지나가는부분도 더 잘볼수있어 첫번째관람때 이해하지 못했던 부분들도 이해할수있었습니다. 나윤권님은 뮤지컬은 처음이라고 들었는데 확실히 송창의님과는 다르게 가수다보니 음악적인 부분에서는 더 좋았다생각합니다."
PF374800,2019.10.04 21:10,4.0,"&lt;9월26일8시공연후기&gt;'사랑했어요'의 첫관람 페어는 송창의님,이홍기님,신고은님 이였습니다. 공연시작전부터 김현식님의 노래들로 이루어진 주크박스뮤지컬이라는점에서 기대를 하고있었습니다. 성남아트센터 오페라하우스에서 보는 첫 뮤지컬이였는데 자리가 1열정중앙이였음에도 불구하고 오케스트라석이 넓은편이라 타공연장의 5열정도로 느껴졌습니다. 1층 중앙정도면 무대의 전체적인 모습은 잘보이겠지만 배우님들의 표정하나하나까지 보기에는 어려울거같갔습니다. 극의 개연성이 조금 떨어지지만 초연창작극인것을 감안한다면 후에 더 좋은 극으로 만들어질수있을거라 생각됩니다. 수많은 넘버중에서도 가장 인상깊었던것은 이홍기님이 부르셨던 '바람인줄알았는데'이였습니다. 김현식님처럼 허스키한 목소리를 가지고계시고 성량이 크셔서 바람이였어~ 라고 하실때는 온몸에 소름이 돋는것같았습니다. 비록 동시대를 살지는 않았지만 워낙 유명한곡들이 많고 공감할수있는곡들이 많기때문에 남녀노소 다같이 관람해도 좋을것같습니다."
PF374800,2019.10.04 20:44,5.0,사랑했어요 두번 관람 했고 다섯번 관람 남았어요! ㅎㅎ! 메인 캐릭터 캐스팅이 어쩜 그렇게 맛집인지 어떻게 다들 그렇게 목소리에서 꿀이 뚝뚝 떨어지시는 분들만 캐스팅하신건가요? 정말 여기 캐스팅 맛집입니다.. 두시간 내내 귀 호강이 대박이에요 ㅠㅠ메인캐릭터 뿐만아니라 앙상블도 정말 너무너무 멋있어요 심지어 은주기철준혁 말고 앙상블 분들 춤추는거에 홀려서 계속 그쪽만 쳐다보게 돼요 ... 진짜 여기 캐스팅 맛집입니다 ㅠㅠ! 아쉬웠던 점은 기철은주 관계가 너무 갑작스럽게 전개되는 점이었고 그걸 표현해내는 부분이 아무래도 애니메이션으로 빠르게 지나가니까 제 주위에 이해 못한 사람들도 있었어요 ㅠㅠ 이게 아쉽더라구요 ㅠㅠ 사실 김현식님 세대가 아니라 모르는 노래뿐이라서 뮤지컬 재미있게 볼 수 있을까 걱정했는데 빵빵한 음악들과 정말 .. 너무 좋은 명곡들이라 행복하게 관람했습니다! 공연 한번 보고나니 모든 넘버들 다 흥얼거릴만큼 정말 명곡뿐이더라구요 시간이 지나도 잊혀지지않은 명곡들은 다 이유가 있는거였어요! 사랑했어요가 아니었다면 몰랐을 인생명곡들을 알게 돼서 그것만으로도 충분한 의미를 가지는 공연이었습니다! 다음엔 부모님 모시고 한번 가고싶어요~!
PF374800,2019.10.04 20:43,5.0,뮤지컬 사랑했어요 속 매력 넘치는 배우님들의 무대가 가장 인상적이었어요. 이름만 들어도 입이 떠억 벌어질 정도로 대단한 분들이라.. 한분만으로도 무대가 가득찬 느낌인데.. 최고의 배우들이 함께하는 환상의 무대가 정말 꿈같은 일이었어요~ 작품성은 물론 재미까지 있어서 인상적이었어요!!! 특유의 끼와 열정으로 별처럼 반짝반짝 빛나게 연기하는 멋진 배우들 한사람 한사람이 제게는 인상적으로 느껴졌어요. 덕분에 상상 그 이상의 환상적인 감동과 재미를 받을 수 있었어요.
PF374800,2019.10.04 20:42,5.0,최고의 뮤지컬이라 불리우게될 뮤지컬 사랑했어요는 감동의 무대의 연속이었어요~♡ 우리에게 익숙한 인기있는 뮤지컬넘버들에 배우멋진 연기와 춤까지 가미되면 그야말로 금상첨화~ 개성있는 인물구성이나 공연의 연출력이 탄탄해서 마음에 듭니다. 뮤지컬의 결과도 인상적이었구요. 멋진 무대들도 잊지 못할 거에요. 배우들이 뿜어내는 열정과 에너지는 제 평생 기억될 거라는 생각이 들어요. 환상적인 공연으로 오랜만에 행복한 시간을 누려서 정말 감사드려요. 두말이 필요없는 뮤지컬의 거성들의 무대가 인상적이었어요~ 원숙미와 노련미로 무대를 꽉 채워주신 배우들의 정열적인 무대가 인상적이었어요. 대한민국 역사상 최고의 흥행뮤지컬로 기록될 뮤지컬 사랑했어요를 볼 수 있가 제게는 행운이었어요. 불꽃같은 정열로 항상 맡은 역할에 최선을 다해서 열의를 불태우시는 배우분들의 열연이 좋았어요. 역사에 길이 남을 감동의 무대는 평생토록 제 가슴속에 남아있을 거에요. (^-^)/~☆
PF374800,2019.10.04 19:22,4.0,스토리가 매끄럽진 않았지만 무슨 내용을 풀어가고 싶은지 고 김현식님 노래로 잘 표현한 거 같아요. 기철이 처음 등장했을때 준혁과 부른 &lt;떠나가 버렸네&gt;는 왠지 모르게 가슴을 울리고요. 둘이 비엔나에서 재회했을 때 부른 &lt;봄여름가을겨울&gt;과 &lt;비오는날 수채화&gt;는 너무 좋았어요.이홍기의 &lt;바람인줄 알았는데&gt;는 소름이었어요. 3층에서 봐도 극장이 울릴정도로 성량이 컸어요 . 그리고 송창의의 &lt;환상&gt;도 너무 좋더라구요. 음색도 좋으시고 춤도 잘 추세요. 신고은님도 음색이 예쁘시고 성량이 크셔서 잘 들렸어요. 저는 여러번 관람했는데 들으면 들을수록 모든 넘버가 너무 좋아서 김현식님 곡을 다 찾아보고 외우게 됐어요. 주크박스 뮤지컬을 좋아하는지라 초연으로 끝나긴 아쉬운 뮤지컬이예요 . 작가님께서 스토리 수정 하셔서 담에 꼭 재공연 하셨으면 좋겠어요.
PF374800,2019.10.04 17:32,5.0,&lt;이벤트 응모&gt; 해가  바뀌어도 강산이 바뀌어도  변하지 않는게아름다운 음악과 사랑인것 같아요.조명에  반사되는 형형색색의 우산처럼음악과 노래를 사랑한  이야기가골목길 접어들때  마치  우리들 스스로가  아름다운 사랑이야기에  빠져 들더라구요.아름다운 사랑이야기 같은 수채화를 아름다운 빗속 그림자처럼한폭의 관객의 마음에 도화지를 그리더라구요.라디오나 TV에서 수천번을 들었을 아름다운 노래가무대에서 너무나 멋지고 신나게 펼쳐져서 시간 열차를 타고노래의 수채화에 푹 빠지게 만들더라구요.행복한 시간이었습니다.
PF374800,2019.10.04 16:03,4.0,"[이벤트 응모] 저에겐 낯설었던 가사들과 멜로디들이 어떻게 다가올까 하며 약간의 편견이 있었는데 이렇게 녹아들줄 몰랐어요! 처음 봤을땐 무대의 예쁜 배경으로 마치 정말 제가 같이 유학온것 처럼 느껴지기도 했고, 중간중간 아는 노래가 들리곤 하면 이렇게 스토리에 넣을 수 있구나 하는 재미도 있었고요. 그리고 화려한 캐스팅과 극 중 배우분들의 열연에 정말 저도 감동을 받았습니다^^은주의 국적, 그리고 피아노 연주회의 복선, 은주의 딸 등 정말 초연 청작이라고는 믿을 수 없을만큼 놀라움과 배우분들의 신나는 노래때 흥겨움에 눈을 뗄 수 없었답니다. 아 물론 은주가 죽은 상황이 영상으로만 훅 지나가게 대체 된 점은 좀 아쉬웠습니다ㅠㅠ 하지만 볼수록 더 재밌고 어느새 플레이리스트에 고 김현식님의 노래로 가득차있네요 너무 좋았습니다^^"
PF374800,2019.10.04 11:46,5.0,"[이벤트 응모] 슬퍼하지 말아요 라는 가사처럼  아름다운 서정적 노래가둘로 가라선  남과북의 이야기처럼,남과북의 사랑도 둘로 가라섰지만기타속 강산의  꽃잎들은 스테이지에 가득한것 같아요익숙한 노래들이 흥겹게  나오니절로 어깨춤이 나오더라구요.빗방울 떨어지는 음악이  흐르는 가을속아름다운 추억 이야기를마음속 도화지 속에 그려서 행복한 시간이었습니다"
PF374800,2019.10.04 09:06,4.0,쥬크박스 뮤지컬이라   김현식님의   노래를 즐겨듣던  세대라면 충분히 좋아할 만한  공연이라 생각합니다.  다만 여러 후기에서도 있듯 2막  스토리가  관객들이 공감하기에   조금 부족한듯 합니다. 스포가 될까봐 내용을 언급하기 조심스럽지만  결말은 주인공들의 행동이 공감되지 않았습니다. 그럼에도  무대연출은 이뻤고 주연배우들의 노래는 좋았습니다
PF374800,2019.10.04 04:11,5.0,"(이벤트 응모)때로는 행운을 빌고 싶을때 인생에 동전을 던지듯,인생의 음악을 전해주는 하모니카를강가의 언저리에서 던지고 싶을때가 있다.우리는 때론 슬픈 사랑과 이별하고때론 그 사랑을 다시 만난다.마치 김현식의 하모니카를 그의 인생의 미소에 던졌지만,다시 그의 노래에서 그의 하모니카를,뮤지컬 사랑했어요 에서 진지한 감동으로 그의 미소처럼 만나는듯 하다.그 김현식은 없지만그를 사랑하는 우리들 김현식은뮤지컬 사랑했어요 와 함께우리곁에 늘 함께하리라 기대한다!.오늘도 그의 목소리와 하모니카 소리가뮤지컬 사랑했어요 속에서 처럼들려오는 것 같다!."
PF374800,2019.10.04 00:35,5.0,딸과 함께 보는 첫 뮤지컬이었습니다. 초등학교 2학년이라서 고 김현식님의 노래를 잘 들을 수 있을까 걱정하였지만너무나도 집중하고 또 집중하여 관람을 하였습니다. 눈을 사로잡는 영상과 춤과 앙상블이 함께 하여서 어린 아이들도 함께 즐길 수 있는 뮤지컬이었습니다. 이번을 계기로 아이에게 새로운 문화생활의 길을 열어주게 되었습니다. 또 캐스팅이 달라진다는 것을 알게 되어 배우마다 다르게 표현되는 모습을 보고 싶다는 아이를 위해 저는 또 예매를 시도합니다. ^^
PF374800,2019.10.03 17:00,4.0,예전에 정말 재미나게 봤었는데 오랜만에 꼭 다시 보고 싶어요.
PF374800,2019.10.02 19:21,5.0,"송창의, 이홍기, 김보경 배우님 캐스팅으로 보고왔습니다.공연보고 나서, 이 공연은 3가지 매력 포인트로 정리할 수 있지 않을까 싶어서 정리해봤어요.처음에는 '사랑했어요'라는 제목이 참 평범하다 싶어서, 그저 평범한 연인의 사랑이야기가 아닌가 싶었거든요.그런데 차근히 시놉시스와 제작 배경을 살펴보니, 특히 원작 음악이 김현식님의 음악이라는 사실을 알고나서 작품에 급관심이 생겼고, 친구랑 같이 예매하고 관람하고 왔습니다.  1. 음악이 다했다. 쥬크박스 뮤지컬의 매력한국의 음유시인이라는 별명을 누구나 납득하고 인정하는 것은 그만큼 김현식님의 음악이 진정성과 대중성, 작품성을 모두 갖추었기 때문이라고 생각해요.음반을 발매한 이후로 꽤 많은 시간이 지났는데도 오늘날까지 뮤지컬로 만들어질만큼, 김현식님 노래만의 생명성과 파워가 있다는 증거 아닐까 싶어요.뮤지컬을 보는 동안 김현식님의 음악을 라이브로 풍성한 화음 속에서 들을 수 있어서 귀가 제대로 호강하는 느낌이라 정말 만족스러웠어요.개인적으로 가을이되면 김현식님의 노래가 종종 떠올리곤 했는데, 그런 제게는 정말 선물같은 시간이었어요.2. 조화로운 캐스팅 저는 송창의, 이홍기, 김보경 배우님 캐스팅으로 보고왔는데, 작품 속 캐릭터와 실제 배우들의 싱크로율이 높아서 만족스러웠습니다.송창의 배우님은 평소에 드라마에서 주로 접했고, 뮤지컬 배우라는 사실은 알았지만, 이번 공연에서 처음 만났는데요. 특유의 부드러운 카리스마와 서정적인 분위기가 참 잘 드러나서 좋았어요.이홍기 배우님은 가수로 알고 있었지 뮤지컬 배우로는 처음 만나는 것이었는데, 능청스러운 연기에 놀랐고, 또 안정적인 가창력을 보니 역시 가수로서의 경력이나 연륜을 충분히 발휘하는 느낌이었어요.김보경 배우님도 역시 이 뮤지컬을 통해서 처음 알게되었는데, 북한 말 구사할 때 너무 귀여운 느낌이고, 또 음색이 발랄해서 찰떡같이 잘 어울렸어요. 이 세 배우님들은 물론이고 주조연 배우, 앙상블 배우들 모두 열심히 하는 모습을 보니 더할나위없이 만족스러웠습니다.이홍기 배우님은 이번에 군대 가게 되어서 이제 더이상 무대를 볼 수 없다는 사실이 아쉽네요.3. 흥미로운 줄거리쥬크박스 뮤지컬이라는 게 한 가수의 노래를 연속적으로 틀어주다보니, 그 가수만의 특유의 감성과 노래 스타일, 작곡 기법 등이 연상되어 전체적으로 통일성이 있다는 장점이 있는 것 같아요.김현식님의 노래의 연속성과 통일성에 반전이 숨겨진 흥미로운 스토리가 얹어지면서, 공연의 완성도가 더 높아지지 않았나 싶어요.뮤지컬에서 계속 노래만 나오는 게 아니라, 배우들의 연기, 매력발산, 앙상블들의 군무, 무대 장치 등이 더해지면서 공연이 좀 더 풍성해졌다고 느꼈습니다.개인적인 생각으로는, 김현식님의 팬이거나, 서정적인 음악을 좋아하는 분이라면 이 뮤지컬이 잘 맞지 않을까 싶어요.캐스팅 조합이 다양하니, 선택권이 많다는 점도 장점이네요. 가능한 일정에 맞춰서 원하는 조합으로 날짜 잘 선택하시면 더 재밌게 공연보실 수 있지 않을까 싶습니다."
PF374800,2019.10.02 10:42,2.0,작가님 재연하실려면 스토리수정 많이 하셔야 할 거 같아요 어제 공연은 그래도 대사가 수정되어서 자연스러워졌다고 하던데. 일단 애니메이션 부터 없애고 은주딸 설정도 없애야 할거 같습니다.  이번엔 대대적인 수정은 하지 못할테니. 대사라도 더 자연스럽게 수정해주시고. 내사랑내곁에 반주만 하지말고 노래도 해야 더 감정이 와 닿을거같아요 이노래가 김현식님 대표곡인제 반주로만 넘어가면 어떡해요ㅠ 그리고 커튼콜 1분은 좀 아닌거같아요 5분정도로 늘려주세요ㅠ 고 김현식 주크박스 뮤지컬은 초연으로만 끝나긴 아쉬워서 그래요 노랜는 너무나 좋은데 스토리때문에 잘 안 와닿는 부분도 있어서...
PF374800,2019.10.02 09:29,3.5,좋은 공연이었어요. 또 보고 싶어요
PF374800,2019.10.01 22:26,4.0,96년생이라 김현식님을 잘 알지믄 못했지만 누구나 아는 명곡들을 이번기회네 듣게되어서 정말행복했습니다 특히 바람인줄알았는데 너무 좋앗어요❤️
PF374800,2019.10.01 22:09,4.5,고교시절 김현식님을 많이 닮았다는 이야기를 들었었더랬죠. 전 여자입니다^^;; 그래서 더 관심이 갔던... 좋아하는 배우님들도 나와서 더욱 기대하고 관람했는데 역시 탁월한 선택이었어요. 고품격 뮤지컬관람에 문화생활을 잘 모르는 남편이 뮤지컬에 급관심을 가지게 되었답니다^^ 이제 한달에 한번은 공연관람을 약속받았어요^^ 감사합니다.
PF374800,2019.09.30 16:37,4.0,1막은 정말  좋았습니다  2막은 애니 처리한 부분때문에 자칫 이해하기 힘든부분이 있는것 같습니다 미리  스토리 알고가서 그나마 이해하고 즐길수 있었습니다 1막   끝부분 바람인줄 알았는데와 어둠 그별빛 이  참 좋았습니다  특히 이홍기님의 바람이었어~~ 하는 부분에서  소름이 쫙 돋았어요.   원래 노래 잘하는줄 알았지만 정말 폭발적인 성량이라는게 실감났어요  그노래가 가장 인상깊게 남네요
PF374800,2019.09.29 17:14,5.0,엄마랑 오랫만에 데이트했어요너무 보고싶어 하셔서 큰맘먹고vip로 예매해서 관람했는데너무너무 행복했어요저도 어릴때 김현식씨  노래를 부모님으로부터 많이 들었었는데다른 목소리로 들으니 또 색다르고 좋았어요일요일을 깊은여운으로 마무리할수있어서감사했습니다^^기회가 된다면 아빠와 한번더 관람하고 싶네요
PF374800,2019.09.29 06:10,4.0,송창의 이홍기 김보경님  공연을 봤는데 스토리가  아쉽네요.이홍기배우 노래는 감동적이었습니다.
PF374800,2019.09.27 19:45,5.0,이홍기&amp;나윤권 님 노래로 귀호강 제대로하고 왔습니당~어렸을때  듣던 명곡들을 이분들 목소리로 들을 수 있어 행복했어요~~~~~~스토리도 무대연출도 굿입니다~이홍기 목소리로 부른 [바람인줄 알았는데] 노래 진짜 소장하고 싶네요 ㅠㅠ 오늘도 또 듣고 싶어 집니다......ㅠㅠ
PF374800,2019.09.27 16:09,5.0,정말 완벽한 조합이었어요. 이런 조합은 만나기 어려울거에요. 완벽한 연출 완벽한 배우 완벽한 무대.
PF374800,2019.09.27 11:34,4.5,뮤지컬 한번도 안봐봣는데 보고싶습니다
PF374800,2019.09.25 17:21,5.0,"9/24 나윤권, 이홍기, 신고은님의 공연을 봤습니다. 우선 보고 나오자마자 제가 이 공연을 볼 수 있게 좋은 곡을 만들어주신 고 김현식님께, 이 공연을 기획, 연출, 출연해주 배우님들께 감사했어요. 전체적으로 사랑이야기라 자칫 분위기가 우울해질수도 있는데 중간중간 신나는 노래에, 앙상블분들의 아카펠라, 애드립인듯 아닌듯 작은 깨알 웃음 부분, 마지막까지 집중하게하는 반전(?) 같은것들이 있어 지루하지 않았어요. 정말 무대 하나하나 주옥같은데 제일 아름다웠던건 &lt;비오는 날의 수채화&gt; 무대에요. 평소 우울할때 즐겨듣는 노래기도하지만 홍기님의 좋은 보컬 시작과 우산 퍼포먼스, 조명의 색, 안무연출이 아름답게 어우러져 가사처럼 예쁜풍경같은 행복한 위로를 보았네요. 독무하시는 분 춤선도 너무 아름다웠구요. 그렇게 집중해서 그런지 &lt;비처럼 음악처럼&gt; 윤권님 독창때 홍기님과 고은님 회상씬 연기에서 눈물이 흘러버렸어요. 그 아름다웠던 장면이 아픔이 될줄은...너무 슬펐어요ㅠㅠ아참 그리고 &lt;어둠 그 별빛&gt; 무대도 정말 인상 깊네요. 레이저 스타일의 조명, 주연배우들 그리고 앙상블의 합창. 조명과 사람, 이 두가지만으로 웅장한 느낌을 주며 빠져들게한 무대로 신선한 충격이면서도 대단했어요! 다만 초반에 오케스트라의 연주소리가 홍기님 제외 주연 배우들의 노래소리를 잡아먹는것 같이 느껴져서 조금 아쉬웠고 반대로 피아노 닫히는 소리는 너무 커서 진짜 깜짝 놀랬어요. 또 스토리의 개연성이나 설명은 부족한듯 느껴졌어요. 2부 중간에 만화가 너무 순식간에 훅훅 지나가서 이해하기에는 시간이 짧기도 했구요.(만화 놓치면 그 후에 내용 이해못할듯) 저는 미리 후기를 찾아보고 같던터라 괜찮긴 했지만요.공연 내내 홍기님 특유의 애절한 목소리때문에 저도 모르게 나올때가 기다려지더라구요ㅎ &lt;바람인줄 알았는데&gt; 고음부분에서 양 손 주머니넣고 그냥 부르는데 진짜 소름돋기도 했구요. 좋은 기억과 감동을 많이 받았기에 다른 주연배우분들의 무대가 궁금하고 보고싶네요."
PF374800,2019.09.25 13:43,4.0,"24일 나윤권,이홍기,신고은...... 무대연출과 배우들의 노랫소리가 눈과 귀를 완벽하게 유혹시킨 공연! 하지만 탄탄하지 못한 스토리 전개로 마음 저 깊은 곳까지는 흔들지 못한 점이 조금 아쉬웠던 공연입니다. 하지만 마음 한 켠을 두근거리게했던 기철역을 맡은 이홍기배우님의 &lt;바람인줄 알았는데&gt;가 기분 좋은 강렬함으로 남아 돌아오는길 음악재생목록에 넣었네요^^"
PF374800,2019.09.24 23:00,5.0,스토리는 조금 아쉬웠지만 연기랑 노래 모두 너무 만족스러웠습니다!  다시 한 번 보고싶을 만큼 너무너무 좋았습니다.
PF374800,2019.09.23 16:58,5.0,공연 보고싶어요
PF374800,2019.09.22 23:16,5.0,"부모님이 들으실 때 옆에서 같이 들었던 어린 시절의 김헌식의 노래를새로운 목소리로 들으니 얼마나 대단한 노래인지 새삼 느낄 수 있었어요.뮤지컬이 처음이시라는 나윤권 님도 노래 정말 깊이있게 부르시더라고요.나윤권 님의 노래 듣고 너무 좋아서 힐 번 더 듣고 싶어서 다음 주 표도 바로 예매했어요.김보경 님과 문시온 님, 그리고 앙상블 배우분들도 정말 훌륭하셨습니다. 다들 고생 많으셨어요."
PF374800,2019.09.22 22:13,5.0,21일 첫공연 보고 왔는데요나윤권씨 처음 뮤지컬 출연이라 들었는데 생각보다 너무 잘하시는거 같고 솔직히뮤지컬 창법은 아니지만 김현식 노래를 뮤지컬 창법으로만 듣는것보다는 거부감 없었고요 처음하는거에 이정도라하면 앞으로 얼마나 발전할지 너무 기대됩니다 부담감 많으실거 같은데 앞으로 더더 잘하실거 같아요신고은님 넘 예쁘고 목소리 청아해서 몰입도 좋았고요문시온씨도 비쥬얼과 연기 좋았어요 나머지 분들도 너무너무 멋지고 특히 무대연출이 너무 멋있었어요중간중간에 찡하는 포인트도 있고 기회되면 또 보러 가려고요좋은공연 감사합니다
PF374800,2019.09.22 21:02,5.0,김현식을 사랑하는 우리신랑과 첫뮤지컬  잘보고 왔습니다신랑 때문에   김현식 전곡을 다꿰고 있는데요 뮤지컬에  나온 김현식음악은  약간편곡이 되어서나오더라구요배우분들 진자진자 노래잘하시고  특히 문시온님 다시보게되었어여용노래잘하시더라구용제가제일  좋아하는  우리처음 만날이  나올줄알고 2시간 내내기다렸는데  끝까지 나오지않아  조금은 아쉬웠어용비는왔지만 오래만에  힐링와고왔어용♡♡♡
PF374800,2019.09.21 20:19,5.0,재미있어요
PF374800,2019.09.21 17:07,1.0,"역시 첫 공은 보는게 아니었습니다.나 가수님 노래 잘하나 뮤지컬과는 솔직히 안 어울리는 것 같습니다.목소리도 작고 음악에 묻히는 느낌이었어요주역 세 분 모두 1막부터 불안했는데 , 2막에서 연이어  음이탈 ㅜㅜ그리고 억지로 짜낸 어이없는 스토리.프리뷰 할인 받고 봐도 이렇게 돈 아깝고 존재감 없는데원래가격으로 봤음 어쩔뻔...-.-그리고 제 앞 뒤 오른쪽옆 등 나 가수님 지인들 엄청 오셨던데요옆에 계신분  등장하실때마다 웃음 참으시느라 두손 모아 입가리고 킥킥 거려 전~~~혀 집중 안되었네요.그나마 별 하나는 무대장치 때문에 드리는 겁니다.혹시 이 공연을 보실 생각이 있으신 분은 공연 초반은 자제하세요~제일 중요한 꼭 하고 싶은  말은고 김현식님의 노래와 음악은 오롯이 그 분의 목소리로 들어야감정이 느껴집니다... 대사에 있었던 그 분의 지문이 있으니까요"
PF377721,2020.02.22 12:05,1.0,"오늘 7시반 공연 예약자예요.오늘아침 집 인근 아파트에 확진자가 발생했다고 하여 외출을 하기 어려울것 같아 티켓링크측에 취소요청을 했더니 안된다더군요.그래서 그럼 관람하러갈건데 만약 이 일로 문제가 발생 할경우 티켓링크측에서 어떤 책임을 져 줄수 있는지 물어보니 해줄 수 있는게 없다고 합니다.반대로 오늘 관람하시는 분들 중 코로나 확진자가 있어도.. 보호 못받을듯 합니다. 자기네들은 판매대행처이지 기획사에 문의하라며 기획사 전번을 줬는데 토, 일은 휴무라 전화업무를 안본다는 메세지가 나오네요.늦게 기획사측과 더 상의를 해봤는지 제가 가족 식사준비하는 중에 전화가 와서 못받았는데요..문자로 기획사에서도 당일취소 안된다고 했답니다.저는 이 공연을 보시는 다른분들의 안전상의 이유로 이 공연금액만큼 손해를 보겠지만 .. 좋은 공연에 관람객의 안전을 고려하지 않는 기획사의 처사가 매우 슬프네요. 저도 아이도있고 가족도 있는데 .. 집에서 가까운 곳에 확진자가 발생하였는데도 .. 국가적 재난 상황에도 장사하느라 바쁜 기획사나 티켓링크.. 정말 이해가 안갑니다."
PF377721,2020.02.21 15:14,5.0,"대중적이고 유명한 노래들을 들으면서 잠시 추억에 잠기는 시간이었습니다. 모든 배우님들의 연기가 훌륭했습니다. 시원시원하게 부르는 배우님들의 노래들을 들으면서 스트레스가 확 풀리는 기분이 들었어요. 내년에도, 내후년에도 뮤지컬로 만날 수 있으면 좋겠습니다."
PF377721,2020.01.12 23:55,5.0,"음악이 만들어낸 명장면이 많은 영화인 만큼 뮤지컬로의 만남이 유독 반가운 작품이었어요. 언제나 마음을 울리는 그 노래 I Will Always Love You를 비롯해 최고의 넘버를 즐길 수 있는 것만으로도 참 행복한 시간이었습니다. 사랑스럽게 빛나는 디바를 연기한 김선영 배우는 무대위에서 반짝였고, 냉담한 보디가드를 연기한 이동건 배우는 날카로운 빛을 뿜어냈습니다. 두 배우의 호흡 덕분에 곁에 있을 때 가장 행복하고 싶었던 두 주인공의 마음을 가슴 깊이 공감할 수 있었어요. 영화에서 느꼈던 매력 그 이상을 느낄 수 있는 훌륭한 뮤지컬이었습니다. 많은 분들께 추천하고 싶어요~"
PF377721,2020.01.12 23:34,5.0,뮤지컬 보디가드 속 매력 넘치는 배우님들의 무대가 가장 인상적이었어요. 이름만 들어도 입이 떠억 벌어질 정도로 대단한 분들이라.. 한분만으로도 무대가 가득찬 느낌인데.. 최고의 배우들이 함께하는 환상의 무대가 정말 꿈같은 일이었어요~ 작품성은 물론 재미까지 있어서 인상적이었어요!!! 특유의 끼와 열정으로 별처럼 반짝반짝 빛나게 연기하는 멋진 배우들 한사람 한사람이 제게는 인상적으로 느껴졌어요. 덕분에 상상 그 이상의 환상적인 감동과 재미를 받을 수 있었어요.
PF377721,2020.01.12 23:30,5.0,금세기 최고의 뮤지컬이라 불리우는 뮤지컬 보디가드는 감동의 무대의 연속이었어요~♡ 우리에게 익숙한 인기있는 뮤지컬넘버들에 배우들의 멋진 연기와 춤까지 가미되면 그야말로 금상첨화~ 개성있는 인물구성이나 공연의 연출력이 탄탄해서 마음에 듭니다. 뮤지컬의 결과도 인상적이었구요. 멋진 무대들도 잊지 못할 거에요. 배우들이 뿜어내는 열정과 에너지는 제 평생 기억될 거라는 생각이 들어요. 환상적인 공연으로 오랜만에 행복한 시간을 누려서 정말 감사드려요.^^ 할말이 필요없는 뮤지컬의 거성들의 무대가 인상적이었어요~ 원숙미와 노련미로 무대를 꽉 채워주신 배우들의 정열적인 무대가 인상적이었어요. 대한민국 역사상 최고의 흥행뮤지컬로 기록될 뮤지컬 보디가드를 볼 수 있가 제게는 행운이었어요. 불꽃같은 정열로 항상 맡은 역할에 최선을 다해서 열의를 불태우시는 배우분들의 열연이 좋았어요. 역사에 길이 남을 감동의 무대는 평생토록 제 가슴속에 남아있을 거에요.
PF377721,2020.01.12 22:22,5.0,실로 감동적인 공연입니다!
PF377721,2020.01.12 21:37,5.0,"말이 필요없는 뮤지컬 보디가드 다른 주인공들 공연도 다 한 번씩 보고 싶다는 생각이 간절해지는 공연이었어요!사랑하는 이와 가족들, 동료들, 친구들 누구와도 봐도 즐겁게 행복하게 관람 가능한 뮤지컬로 정말 강추^^내용이 짜임새도 있고 넘 루즈하지도 않게 적절하게 장면이 전환되는데 1부, 2부 또 다른 재미와 감동이 있습니다!레이첼과 프랭크와의 사랑과 애틋함 그리고 프랭크를 향한 레이첼 언니의 감정을 느끼고 볼 수 있고파워풀한 댄서들... 온몸이 들썩들썩 거리더라고요^^내용 자체가 누구나 이해하고 관람할 수 있도록 잘 풀어낸 공연이었는데무대에 정말 신경을 많이 쓰신게 눈으로 보이더라고요. 화려하면서도 때로는 절제된 느낌의 무대가 조화로왔어요!그 다음 씬은 어떤 모습일까? 하고 기대가 되어졌다는...^^ 그래서 그런지 더욱 몰입이 되더라구요~보디가드 영화를 보진 않았지만 누구나 알만한 명곡들이 팡팡 쏟아져 나온답니다.박기영, 최현선씨의 가창력... 노래 부를때마다 온몸에 전율이 흘러나오는데 공연 내내 설레임과 흥분 그리고 감격!박기영씨의 높고 맑은 음색과 최현선씨의 안정감 있으면서 파워풀한 음성이 정말 잘 어울리고 돋보이더라구요.박기영씨 콘서트장 온 것처럼 정말 귀한 노래들을 마음껏 들을 수 있어 행복했습니다.1부 때 넘버도 좋았지만 2부 때 고음의 넘버들이 박기영씨에게 잘 어울렸어요!!!이동건씨 배우는 어떤 이미지일까? 많이 궁금했는데 역시 프랭크역에 잘 어울리시더라구요! 캐스팅 최고~극중 노래보다는 표정과 대사로 그 배역을 소화하시는데 관람객인 저도 편안하게 볼 수 있었어요^^박기영씨도 가수이지만 뮤지컬 경험도 있으시고 워낙 노련하게 하시더라구요.60대 부모님을 모시고 갔는데 너무 즐겁고 좋았다고 극찬을 하시더라구요^^남녀노소 및 모든 연령대가 즐겁게 즐길수 있는 공연이라고 생각해요~~아참! 중간중간 총소리 등 큰소리가 나는데 그것만 주의하심 될 것 같아요~소름과 감동 그리고 아름다운 선율의 멜로디를 다시 한번 느껴보고 싶네요!"
PF377721,2020.01.12 21:28,5.0,"2019년 마지막 밤을 남편과 어떻게 보낼까 고민하던 끝에 예매하게 되었는데 정말 잊을 수 없는 밤이었습니다.저는 항상 연말이면 뮤지컬을 꼭 한 편씩 봤었는데~뮤지컬 보디가드는 기존 뮤지컬과는 다르게 제가 상황에 이입이 되서 배우님들과 호흡하는 느낌이었습니다.특히 마지막에 신나고 파워풀한 노래를 부르던 손승연 배우님이 계속 관객과 눈맞추려고 노력하셨는데저랑도 여러번 눈이 맞아서 너무 감사하고 즐거웠네요.이동건 배우님의 연기와 손승연 배우님의 멋진 노래는 정말 잊지 못할 것 같습니다.손승연님은 한국의 휘트니 휴스턴이라 감히 말하고 싶습니다!그 밖에도 언니 니키 마론 역에 정다희 배우님의 연기와 노래에 감동했고아들인 플레처 역인 홍승연 배우님도 어린 나이인데도 춤도 잘추고 노래도 잘하고 저도 같이 엄마 미소 지으며 바라봤네요.너무 좋았던 또 한가지는 앙상블로 나온 배우님들도 열연하시고, 춤도 어찌나 잘 추시던지 정말 입을 다물 수가 없더군요.모든 면에서 부족함이 없었기에 140분이 어떻게 가는지 모르게 정말 행복했던 시간이었습니다.가족, 연인, 친구, 소중한 누군가와 신나면서도 감동적인 추억을 남기고 싶다면 뮤지컬 보디가드 적극 추천합니다!!!"
PF377721,2020.01.12 21:18,5.0,"휘트니 휴스턴의 팬이자 손승연님 팬인 나!!!탑밴드 시절부터 보이스 코리아를 거쳐 불후의 명곡까지 늘 온라인으로만 응원을 하던 중보디가드 제작 발표회를 보고 기억에 담아뒀다가 캐스팅에 맞춰서 예매를 했어요.무려 15곡의 넘버를 부른다는데 내 손이 저절로 움직일 수 밖에요.뮤지컬 좀 봤다는 지인은 다른 날의 공연을 추천했지만.....비디오 스타에서 손승연님이 하는 얘기를 듣고 믿고 있었습니다. 분명 좋을 것이라고~~그래서 사실 다른 캐스트는 신경쓰지 않고 있었구요. 하지만!!!! 공연은 나의 예상을 뛰어넘었습니다.물론 손승연님은 말할 것도 없고 프랭크역의 이동건님, 니키 마론역 최현선 배우님의 소름끼치는 연기와 노래사이역 최현중 배우님의 유머러스한 연기, 빌역 한동규 배우님의 원숙한 연기, 스토커역 이율님의 대사 한마디 없이 소름끼치는 연기레이역 김대령 배우님의 적재적소에 들어오는 연기, 플레쳐역 홍승연 배우의 탄탄한 발성과 능청스런 연기토니역 전재현님의 감초같은 연기, 앙상블 여러분의 연기와 춤까지 너무나 만족스러웠습니다.더구나 댄싱9 때 열렬히 응원했던 손이현님의 등장은 마치 선물과도 같았어요.제발 이번 공연에서는 다치는 일 없이 무사히 마치시길...연출도 음악도 영화에서는 볼 수 없었던, 무대를 통해서만 느낄 수 있는 생동감이 내 심장을 더욱 뛰게 했습니다.커튼콜도 너무나 유쾌했고~~~~물론 손승연님 연기에 민족하지 못하는 분들도 있을거라고 생각합니다.하지만 그 동안의 땀과 눈물이 고스란히 느껴지는 무대를 보고 있자니 그저 온 마음을 다해 응원할 수 밖에요......더불어 다른 캐스트 공연도 궁금해지네요. 이 부분을 다른 배우님들은 어떻게 표현할까 하고요~"
PF377721,2020.01.12 20:33,5.0,"최고의 공연이었습니다일상의 우울함이나 걱정거리가 있어서 골치가 아프다면 뮤지컬 보디가드를 보러가세요무력감은 사라지고 기운이 쑥쑥 힘이 납니다!!남녀노소 그 누가 봐도 너무 신나는 멋진 공연!뮤지컬이지만 콘서트같고,  콘서트보다 더 열정적인 뮤지컬보다 더 드라마틱한 감동이 있는 뮤지컬 보디가드!! 또 보러가고 싶네요!!"
PF377721,2020.01.12 14:14,5.0,"케이티 멤버쉽으로 반값에 본 것도 모자라, 배우들의 연기력, 김선영 배우의 노래실력, 우아함에 감탄했습니다.강경준 배우는 노래 부르는 게 없어서 아쉬웠습니다.좋은 추억이었습니다. 고생많으셨습니다. 출연진 배우님들"
PF377721,2020.01.12 01:06,5.0,휘트니 휴스턴의 노래를 무대에서 만나게 되니까 되게 감동적이였습니다. 보디가드인 프랭크는 음치라 노래를 안하는 설정도 재미있었습니다 ㅋㅋ 그리고 카리스마있는 레이첼이 노래와 연기 매우 멋있었습니다!
PF377721,2020.01.09 07:46,4.0,"부모님 첫 뮤지컬 관람으로 선물해드렸어요. 이직 기념  &amp;송년회&amp;신년회 합쳐 선물 드린거라 재미없으면 어쩌나 걱정했는데, 엄빠 보시고 딸 덕에 살면서 뮤지컬을 다 봐본다고 좋아하셨어요!! 초반에 좀 지루하다 인터미션 끝나고 부터 빅잼이라고 하시네요~ 감사합니다!!!!!"
PF377721,2020.01.08 16:38,5.0,"김선영님이랑 이동건님 페어로 보고 왔어요.김선영님은 재능이 왜이렇게 많으신지노래만 잘하시는지 알았는데 춤도 엄청 잘추시네요시작하자마자 불과 함께 춤추시는데 여왕님 나오신줄 알았어요.이동건님은 연기 정말 잘하시더라구요. 게다가 잘생겼어요. 그냥 헉소리 나오는 연예인비율.키크고 얼굴작은데 이목구비 뚜렷해서 좀 뒤에서도 눈코입이 다 보이더라구요.주크박스 뮤지컬임에도 스토리도 넘버도 다 자연스러웠어요.여가수와 보디가드가 사랑에 빠질 수도 있고, 여가수는 당연히 노래를 부르고 무대에 서야되니까연기같지 않고 자연스럽게 무대에 빠져들더라구요.저는 오두막씬이 좋더라구요.모든 자매가 사이가 좋으면서도 질투가 있자나요.경쟁 심리도 있고... 그럼에도 한 가족이자나요.그런 심리들이 오두막씬에 잘 나타나더라구요 ㅎㅎ스토커씬에서 자체 슬로우모션하는 장면도 스릴있으면서도 남주 매력발산할 수 있고 ㅎㅎ정말 너무 신나는 뮤지컬이었어요!!커튼콜도 여러곡 신나게 불러주시고그때는 배우가 아닌 김선영님의 모습으로 나와주셨는데그때 정말 행복해보이시더라구요 ㅎㅎ관객이나 배우나 모두 행복한 시간이었어요!!이제 한달 조금 더 남았네요.정말 좋은 작품이에요!! 연초 신나게 시작해야죠!!연초 뮤지컬로 진심으로 추천합니다!!"
PF377721,2020.01.07 22:54,4.0,보디가드!~ 휘틔니 휴스턴의 노래!~ 감동적입니다.노래 를 뮤지컬로 풀어서 그런지 영어랑 한국어가 썪여 있어서 좀 웃기기도 했습니다.여자 배우들의 노래 역쉬 일품이였습니다. 외국 가수와 비교도 되는 점이 있긴하지만.후반에 갈수록 노래도 완전 콘서트 같았고.스토리가 강해서 그런지 점점 흥미 진진해졌습니다.아쉬운건 남자 주인공들의 노래가 별로 없어서 너무 아쉬웠습니다.이동건 배우님의 노래 듣고 싶었는데... 역쉬.... ㅎㅎㅎㅎ 그래도연기는 정말 일품이였습니다.너무~ 힐링하고 왔습니다. !~! 어무니 모시고 다시 가고 싶습니다!~
PF377721,2020.01.07 14:38,5.0,"12월 3일 강경준 해나페어로 보고 왔습니다. 어머니모시고 상경한 보람이 있더라구요. 스토리 라인도 간결하고, 넘버가 다 귀에 익는 곡들이라 어머니가 좋다고 만족하시더라구요.보편적인 가족과 사랑이야기, 익숙한 휘트니 휴스턴의 노래라 그러신것 같아요.해나 노래 진짜 잘한다고, 앞열에서 봤는데 강경준은 다른 인종같다고, 비율도 얼굴도 이 세상 사람이 아니라고 어머니가 정말 좋아하시더라구요.저도 정말 재밌게 보았어요. 특히 강경준의 연기... 배우는 배우더라구요.각잡힌 자세. 배우발성과 경호원의 말투. 눈빛. 깔끔한 정장차림. 각잡힌 몸짓. 배우 연기는 정말 다르더라구요. 정말 경호원 그 자체였어요. 귀호강하러 갔다가 이번에는 눈호강까지 하고 왔어요. 실물 진짜 잘생겼더라구요. 강경준보는 것만으로도 표값했다고 생각했어요.지하철도 다 뮤지컬 보고 나온 사람들이라 자연스럽게 다른 사람들 후기까지 들었는데다들 해나노래잘하고 강경준 진짜 잘생겼다고  연말 느낌 제대로 난다고 즐거웠다고ㅎㅎ 다들 엄청 만족했더라구요ㅋㅋ다들 다 들떠서 그 얘기만 하더라구요. 저도 뮤지컬끝나고 흥분이 다 안가셔서  어머니랑 뮤지컬 얘기만하구 신났어요.무대시작 Queen of night이랑 무대 마지막 I will always love you는 정말 스케일도 크고 콘서트느낌 나더라구요 ㅎㅎ 커튼콜까지 이어지는 콘서트 분위기가 정말 좋았어요. 3층 일어서세요 하니까 3층도 다 일어서서 호응하구 여운을 끝까지 가져갈 수 있어서 좋았어요.저때는 프로그램북이 아직 안나와서, 구매하면 택배로보내준다고해서 샘플 보지도 않고 사버렸는데 무대 공연 사진이 없더라구요 ㅠㅠ 3월달에 대전오던데 그때 다시 보고 2차 프로그램북 사려구요!! 무대사진 듬뿍 담겨있는 2차 프로그램북 기대할게요!!!!"
PF377721,2020.01.07 09:19,5.0,"뮤지컬 보디가드 드디어 봤어요. 휘트니 휴스턴의 오랜 팬으로서 '감격스럽다'라고 표현하고 싶습니다. 해나, 이동건, 최현선 배우 캐스팅으로 관람했습니다.휘트니 휴스턴의 오랜 팬이라서, cd도 소장하고 있는만큼, 팬으로서 이 뮤지컬의 존재 자체가 굉장히 큰 선물처럼 느껴졌습니다. 휘트니 휴스턴을 처음 알게 된 것은 뮤지컬 보디가드가 아닌 영화 보디가드를 통해서였는데, 어느덧 시간이 많이 흘렀네요.영화 보디가드가 개봉했을 때, 과장 좀 보태서 여기저기 길가마다 I WILL ALWAYS LOVE YOU라는 음악이 울려퍼졌고, 또 노래 좀 부른다하는 가수라면 한번쯤은 이 곡을 커버했었던 기억이 나네요. 그야말로 시대를 초월한 명곡이고, 명음반, 또 명가수가 아닐 수 없습니다.ㅠㅠ이동건씨는 처음 봤는데, 영화 보디가드의 케빈 코스트너만큼 멋졌어요. 무대 위에 훨친한 남자가 서있길래 누구인가 싶었는데, 바로 이동건씨더라구요. 키도 크고 다리가 긴데 신기하게도 얼굴은 또 작아서 제대로 이기적인 몸매 비율을 뽐내셔서 부러웠어요 극 중에서 노래하는 장면도 어색하고 쑥스러운 모습을 너무나 자연스럽게 표현해서 절로 웃음이 나면서도 우쭈쭈 해주고 싶은 매력이 있었습니다.개인적으로 I WILL ALWAYS LOVE YOU 곡을 제일 기대하고 갔는데, 해나 배우의 I WILL ALWAYS LOVE YOU는 참 애절하면서도 또 한편으로는 디바로서의 강인한 카리스마가 뿜어져 나오는 느낌이라서 참 좋았습니다. 노래를 부르는 동안 관객석도 초집중하고 있다는 느낌이 들만큼, 공연장의 무게가 절실히 느껴졌어요. 저를 비롯한 모든 관객들이 가장 기대하던 곡이 아닌가 싶기도 하고, 가장 크게 응원하던 곡이 아닐까 싶어요.배우 입장에서는 정말 큰 부담이 되는 곡일 것이라는 생각이 드는데, 해나 배우가 그 기대감을 충분히 충족시킬만큼 멋진 무대를 보여줘서 정말 멋졌습니다. 소울 넘치는 음악과 볼거리 넘치는 장면으로 가득한 선물같은 뮤지컬, 보디가드 강추합니다."
PF377721,2020.01.05 23:52,5.0,"김선영, 강경준, 정다희님 공연 봤습니다. 1/5 저녁공연이었구요, 정말이지 굉장했습니다. 여운이 오래도록 남을 것 같습니다. 인생 뮤지컬 강추합니다!"
PF377721,2020.01.05 22:24,5.0,"2020년 1월 4일 토 요일 ...문화생활 하기가 이렇해 힘든줄 몰랐습니다 ...서울살다가 화성으로 이사오면 문화생활 을 많이 할것 같았는데 ...한달이 뭡니까 , 1년에 영화 한편 보는것도 겨우 보고 있으니 ...그런데 지인분의 초대로 , 세상에 뮤지컬 을 그것도 제가 좋아하는 ...가수 박기영 님 과 배우 이동건 의 출연인 보디가드 입니다 ~~~ 오랜만에 봐서 이기도 하지만 , 보디가드 뮤지컬 은 한편의 콘서트 같아서 너무너무 좋았습니다 ...​원래 노래잘하는 걸 알았지만 , 오늘  레이첼 마론의 박기영 의 노래는 예술이었습니다 ... ​그리고 , 연기를 잘하고 사람좋아 보이는 이동건 의 프랭크 파머 역활은 첫 뮤지컬 이라는게 , ​믿기지 않을정도로 차분하고 , 손짓 , 몸짓 , 눈빛으로 집중하게 만들었습니다 ...​2020년 에는 길빈맘 과 문화생활 을 자주 해야 겠다는 생각을 했습니다 ... https://blog.naver.com/eocrfdm/221760921728"
PF377721,2020.01.02 16:28,5.0,12월31일 손승연/이동건 두 짱짱한 실력자들이 나오는 뮤지컬 관람 했습니다 !! 손승연씨 ... 티비에서 봤지만 노래를 어쩜 그렇게 ㅜㅜ 잘부르시나요 끝까지 막이 내리는중에도 관객한테 인사해주시고 너무 매너 좋았던 무대였어요 손승연씨가 또 뮤지컬 하시면 믿고 볼 의향있습니다 !! ㅋㅋ 그리구 이동건씨는 기럭지에 놀랬어요 ~~ 티비를 뜯고나온거같은 비쥬얼 ~  역시 너무나 멋진 .. !! 정말 보기 잘했다는 생각이다시한번 들더라구요 그동안 열심히 공연준비하시고 이렇게 무대 멋지게 꾸며주셔서 감사합니다 ^^ 다른 배우님들도 정말 고생 많으셨을꺼예요 ~~~ 계속 응원합니다 !! 화이팅 ^^
PF377721,2020.01.01 22:40,5.0,와우 새해1/1 파워풀한 노랫소리로 와이프랑 힐링하고 왔습니다.
PF377721,2020.01.01 19:52,4.0,"1월1일 새해첫날 공연 봤습니다. 이동건/해나 캐스팅이네요.일단 해나님은 가수도 해보셨고 뮤지컬배우도 하셔서 그런지 주인공 역할에 딱 맞는거 같고, 이동건 배우님은 기대를 안해서 그런가(?) 생각보다 나쁘지 않습니다. 어색하면서도 또 자연스러운 맛이 있네요.오히려 언니역할인 최현선 님 노래실력이 상당하셔서 깜짝 놀랐어요.저는 휘트니휴스턴 왕팬이라 전곡을 다 아는데, 모르는 분들은 미리 원곡을 듣고 감상하시면 더 좋을 거 같습니다. 원곡 그대로 불렀다면 더 좋았겠단 생각이 드네요.무대전환은 많지않고 스토리도 뻔하지만 그래도 노래가 훌륭해서 콘서트 보듯 즐겼습니다. 앞에서 4번째 줄인데 불기둥 열기가 상당하네요~ 참고하세요."
PF377721,2019.12.16 19:33,5.0,최고의 뮤지컬이었어요 :) 정말 만족합니다! 기회가 되면 재관람할거예요!
PF377721,2019.12.15 01:28,5.0,남자친구랑 봤는데 엄마랑도 또 보러가고싶네요~~~
PF377721,2019.12.11 11:46,5.0,"12월 10일 해나, 이동건 캐스팅으로 관람했습니다. 영원한 디바 휘트니 휴스턴의 명곡들로 이루어진 뮤지컬 보디가드 영화 이상의 감동이었습니다. 불기둥과 총소리 등등 각종 효과들이 더 극적인 요소로 작용했고, 무엇보다 해나 배우는 레이첼 그 자체였습니다. 폭발적인 가창력과 앙상블과 어울린 화려한 안무까지 한순간도 눈을 뗄 수 없었습니다. 니키역의 최현선 배우도 멋진 노래와 연기를 보여주었고, 플레처 역할을 맡은 안채준 배우도 아주 인상적이었는데 나중에 커서 멋진 배우가 될 것 같았습니다. 뮤지컬 보디가드 연말을 마무리하기에 딱 좋은 공연이었고, 또 한번 보고싶어지네요. 커튼콜 주간이라 앵콜곡까지 영상에 담을 수 있어서 더 좋았습니다. 뮤지컬에 나온 휘트니 휴스턴의 노래 다시 듣고 있네요."
PF377721,2019.12.09 22:06,4.0,지방에 살다보니 문화생활 폭이 적어 큰 맘먹고 여자 4명이 빠져들었던 뮤지컬이네요화려한 무대장치와 주인공들의 가창력에 넘 멋진 모습들이 즐거운 하루였고 언제 끝났는지 아쉬움속에 감동이 전해지네요~~~가슴 두근거리며 보았던 뮤지컬이었네요
PF377721,2019.12.05 17:07,5.0,"뭔가 뮤지컬을 봤다고 하기보다는 잘 만들어진 콘서트를 본거 같아요. 잔잔하게 흔들다가, 또 어떨때는 둠칫둠칫거리게 하는 좋은 시간이였습니다. 휘트니 휴스턴을 잠시나마 회상 할 수 있는 좋은 시간이였어요~~~"
PF377721,2019.12.05 10:10,5.0,두근 두근 넘 넘 빠져들어요
PF377721,2019.12.04 18:47,5.0,"김선영 최현선 배우 나오는 날 봤습니다. 두 분 다 노래하실 때 카리스마가 정말 끝장나더군요. 휘트니휴스턴의 명곡들을 한국어와 한국의 명 배우들의 노래로 들을 수 있다는 게 너무나 감동이었고, 마치 신나는 하나의 콘서트를 보고 온 것처럼 유쾌하고 즐겁게 즐기고 왔습니다. 너무 좋은 시간이었어요~!"
PF377721,2019.12.03 10:29,5.0,너무 재미있게 봤어여!!!!!!!!!!!!!
PF377721,2019.11.30 10:37,5.0,짜릿한 기분을 느꼈습니다
PF377721,2019.11.29 16:11,5.0,재미있어요
PF377721,2019.11.29 09:00,5.0,아주 재미있습니다. 오래간만에 문화생활도 즐길 수 있어서.. 연인이랑 같이 보시면 좋을 듯하네요. 감사합니다. 오늘도 즐거운 하루 보내세요.
PF377586,2020.01.12 23:46,5.0,"영화를 언제 봤는지 기억도 안 나지만,나는 영화 빅피쉬를 꽤나 좋아했다.평생 허풍만 쳐온 아버지와그런 아버지가 못 미더운 아들.어느 순간부터 아들은 아버지의 말을한귀로 듣고 한귀로 흘린다.아버지의 장례식 날, 아들은 조문객 속에서아버지의 이야기에 등장한 인물들을 만난다.아버지의 모든 이야기는 사실이었다.그 장면이 나에게 굉장히 강렬하고도 감동적이라서빅피쉬가 좋은 영화로 기억됐는지도 모른다.​뮤지컬 빅피쉬 또한 아버지와 아들의 이야기이다.어릴 때 영웅시하던 아버지를윌은 왜 의심하게 됐을까 모르겠지만거의 진상꼰대를 대하듯 한다.아버지가 어디로 튈지 모르고 통제가 안 된다는 건 알지만그렇다고 저렇게까지 극혐하고 의심할 일인가.원작을 이미 아는 관객으로서 윌의 의심이 안쓰러울 지경이다.​에드워드는 세일즈맨이었고 윌은 기자이다.에드워드는 과장하는 사람이고 윌은 의심하는 사람이다.둘은 서로 다를 수 밖에 없지만 그럼에도 그들은 가족 아닌가.아들은 아버지를 의지하다가 의심하다가 끝내 존경하게 된다.어떠하든, 아버지의 모든 이야기의 근원은 아들이고 사랑이므로.아버지가 주인공인 뮤지컬은 거의 없는 것 같다.그래서 빅피쉬가 더 인상적이고 좋았는지도 모른다.수평으로 이동하는 무대도  재미있었고 칼 분장도 아기자기하고 귀여웠다.모처럼 막장도 불륜도 아닌,동화같이 아름답고 따뜻한 가족뮤지컬을 보아서 마음이 뜨뜻했다."
PF377586,2020.01.12 23:34,5.0,매력 넘치는 배우님들의 무대가 가장 인상적이었어요. 이름만 들어도 입이 떠억 벌어질 정도로 대단한 분들이라.. 한분만으로도 무대가 가득찬 느낌인데.. 최고의 배우들이 함께하는 환상의 무대가 정말 꿈같은 일이었어요~ 작품성은 물론 재미까지 있어서 인상적이었어요!!! 특유의 끼와 열정으로 별처럼 반짝반짝 빛나게 연기하는 멋진 배우들 한사람 한사람이 제게는 인상적으로 느껴졌어요. 덕분에 상상 그 이상의 환상적인 감동과 재미를 받을 수 있었어요.
PF377586,2020.01.12 23:32,5.0,할말이 필요없는 뮤지컬의 거성들의 무대가 인상적이었어요~ 원숙미와 노련미로 무대를 꽉 채워주신 배우들의 정열적인 무대가 인상적이었어요. 대한민국 역사상 최고의 흥행뮤지컬로 기록될 뮤지컬 빅피쉬를 볼 수 있가 제게는 행운이었어요. 불꽃같은 정열로 항상 맡은 역할에 최선을 다해서 열의를 불태우시는 배우분들의 열연이 좋았어요. 역사에 길이 남을 감동의 무대는 평생토록 제 가슴속에 남아있을 거에요. 금세기 최고의 뮤지컬이라 불리우는 뮤지컬 빅피쉬는 감동의 무대의 연속이었어요~♡ 우리에게 익숙한 인기있는 뮤지컬넘버들에 배우들의 멋진 연기와 춤까지 가미되면 그야말로 금상첨화~ 개성있는 인물구성이나 공연의 연출력이 탄탄해서 마음에 듭니다. 뮤지컬의 결과도 인상적이었구요. 멋진 무대들도 잊지 못할 거에요. 배우들이 뿜어내는 열정과 에너지는 제 평생 기억될 거라는 생각이 들어요. 환상적인 공연으로 오랜만에 행복한 시간을 누려서 정말 감사드려요.^^
PF377586,2020.01.12 22:20,5.0,기대만큼 멋진 뮤지컬이었습니다!
PF377586,2020.01.12 22:10,5.0,"맨 처음 넘버부터 색감과 안무와 노래와 모든 것으로 눈을 사로 잡습니다.그중 백미는 역시 수선화 장면~ 유튜브에서 영상을 보고 간 건데도 눈이 동그래지는 무대였어요.에디가 바닥에 손을 대는 순간 무대 가득 수선화 밭이 펼쳐지고그 위로 구원영 배우가 가볍게 뛰어가시는데 그 파란 드레스하고 함께 정말 그림의 한 장면 같습니다.수선화 향도 뿌려주니 감상이 배가 되는 것 같아요. 두 번째로 감탄한 장면은 마녀를 숲에서 만난 장면인데요.마녀의 모습에서 갑자기 사람으로 변했을 때 배우님 노래를 너무 잘하셔서 계속 기억에 남았어요.특히 보랏빛 망토를 휘날리며 앙상블과 함께 노래하시는데 일벌들을 거느리는 여왕벌 같았습니다. 유독 성량이 좋으셔서 듣다가 절로 두 손이 박수를 치게 만드셨어요. 감탄!!이렇게 노래나 무대가 뛰어나기도 하지만, 연기도 구멍없이 다 너무 좋았어요.윌과 에드워드가 아들과 아버지 관계임에도 서로를 이해하지 못하고이해받기를 원하는 감정씬들에서 폭발하는데 연기들을 잘하시니 절절해서 마음이 아팠답니다.산드라가 에디 머리를 무릎에 대고 가만히 노래할 때는 배우 두 분 다 눈물을 주륵주륵 흘리시니 눈물을 같이 흘릴 수 밖에 없었고요.마지막 장면에서는 감정선도 감정선이지만 무대 뒤가 열리면서 아버지의 인생을 요약해서 보여주는 듯한 인생의 강이 나타났는데요.많은 관객들이 주위에서 훌쩍이기 시작했죠.한정된 공간을 어떻게 효율적으로 쓰는가를 지켜보는 것도 무대예술을 감상하는 지점 중 하나인데너무도 효과적으로 인생을 강에 비유해서 한 눈에 들어오도록 표현한 게 인상적이었습니다.아버지가 말해준 이야기 속에 나온 등장인물들과 하나하나 인사하고 떠나는 장면에서 인생이 헛되지 않았다그리고 그런 인생을 아들이 드디어 이해해주고 떠날 수 있게 된 점이 기쁘고도 슬펐네요. 조명이며 의상이며 모든 요소에 손이 많이 간 극이었구나, 하는 것이 너무 잘 느껴지는 무대였어요. 재밌게 잘 봤습니다!!!"
PF377586,2020.01.12 21:59,5.0,"뮤지컬 보기 전에 기대가 너무 되었어요.에드워드 블룸의 판타스틱한 경험을 어떻게 녹일까? 손준호씨의 뮤지컬은 처음이라 어떻까?가끔 불후의 명곡을 통해서 노래하는거만 봤던지라그리고 라이징 스타죠. 김성철 배우.. 쓸 감빵을 통해서 처음 봤는데 그 이후로 TV에서는 좋은 연기를 하시는거 같은데...원래 뮤지컬 배우였는진 몰라서 아무튼 제가 선택한 배우들에 대한 기대로 한몫 했습니다. 먼저 배우분들... 두분 다 기대이상이더군요..가끔 뮤지컬 보면서 기대보다 못한 배우분들이 가끔 있는데 정말 잘하시더군요..다른 뮤지컬도 보고 싶다는 생각.. 그리고 성철 배우님은 원래 뮤지컬 하셨던 분이었나요??제가 잘 모르겠지만 연기도 되시니 노래도 정말 잘 하시더군요. 두분 조합 너무 좋았습니다.그리고 무대... 저절로 웃음을 짓게 하는 무대였어요.. 영화에서의 환상적인 장면이 이런 실무대에서도 느낄 수 있었습니다.빠른 무대 전환과 무대 활용도, 무대효과와 인형들이 인상적이었고나오는 인형들을 보고 빵터져서 웃기도 하고 감탄도 하고 진짜 공연의 신세계를 맛보았달까?극의 전개 방식에서 에드워드의 이야기와 현실을 오가면서 에드워드의 물건들을 무대배경으로등장시키는 방식은 에드워드가 윌에게 동화를 읽어주는거 같아서 더 좋았습니다. 전 개인적으론 화려한 장면들도 좋았지만 수선화가 떨어질땐 저도 그 자리에 있었음 좋겠단 생각을 했었습니다.간만에 본 빅피쉬 뮤지컬 너무 좋은 선택이어서 그 감정 그대로 좀 오래 갈려합니다^^"
PF377586,2020.01.12 21:54,5.0,"12월 15일 낮 공연을 보고 왔습니다.공연전부터 원작 영화의 영향으로 무대는 아주 볼거리가 많겠구나 라는 생각을 하고 갔는데상상 이상으로 더 화려하고 예쁜 동화 같은 무대가 펼쳐집니다!!! 시시각각 변하는 무대에 볼거리가 아주 많았구요.형형색색 디자인에 마치 동화속에 들어와 있는 듯한 착각을 일으키는 느낌이었습니다.공연 넘버들도 부담없는 아름다운 선율의 향연이었다고 생각해요. 개인적으로 정말 무대와 넘버는 너무 마음에 드는 공연입니다.에드워드가 아들에게 해주고 싶었던 이야기들.. 틀에 박혀 있는 삶을 살기보다는 너의 생각을자유롭게 펼치고 세상을 넓은 눈으로 바라보기를 바란 그 마음이 느껴져서 너무 좋았어요.에드워드가 지키려 했던 가족, 친구, 인연 그 모든 사람들이 함께 하는 마지막은 정말 정말 너무 감동이었습니다.그리고 예상치 못한 엔딩 폭풍 눈물에 스스로 당황했네요.자극적이지 않은 가슴 따뜻한 공연이어서 가족, 연인, 친구와 함께 보기에 아주 좋은 공연이었습니다.전 이 공연을 강추!! 합니다!!"
PF377586,2020.01.12 20:35,5.0,너무 따듯하고 훈훈하고 가슴이 가득차오르는 멋진 공연이었어요!
PF377586,2020.01.12 11:39,5.0,"자신의 체험을 과장되게 부풀려 듣는 사람을 즐겁게 만드는 재주가 있는 에드워들 블룸의 동화같았던 인생과 가족을 사랑하는 자상하고 따뜻한 마음이 잔잔한 감동과 여운을 선사해 주었습니다. 진실을 감추고 외면한다고 오해했던 윌이 아버지의 비밀을 알게되면서 가족애와 블룸가문의 보물이 손자에게로 전해져 계속될 이야기에 모든 세대가 공감할 수 있는 부분이라고 생각합니다. 결혼식 피로연 축사로 자신이 결혼했을 때의 아버지와의 일화를 이야기한 것이 생각납니다. [묻지도 따지지도 않고 무조건 사과할 수 있는 사람이 결혼할 수 있다]는 아버지의 충고를 장황하게 늘어놓는 에드워드가 말이 많은 것은 아이처럼 마음이 순수하고 여리기 때문이겠지요.자신이 언제 죽을지 보여준 마녀, 더 넓은 세상을 향해서 모험을 떠날 수 있게 도와준 거인 칼, 늑대인간 단장님의 서커스, 장군을 구한 무용담등 에드워드가 겪었던 판타지가 다음 세대로 전해지며 가족의 역사를 만들어 나가는 과정도 좋았습니다. 커다란 물고기를 낚을 수 있다고 과장된 이야기를 들려주던 윌과 아들의 후일담에 가슴이 뭉클해 졌습니다. 그리고 모두의 배웅을 받으며 강물로 돌아간 에드워드가 커다란 물고기가 되어 더 크고 넓은 세상을 향해서 자유로이 헤엄치게 되기를 기원하였습니다. 노란색 수선화가 무대 가득 펼쳐지던 장면과 탭댄스, 서커스등 눈앞에서 펼쳐지는 놀라운 광경과 오케스트라의 라이브 반주에 맞추어 흐르던 아름다운 음악은 작품에 따뜻하고 섬세한 감성을 더하며 마치 동화속 세상을 여행하는 듯한 즐거움을 선사해 주었습니다. 순수하고 아이같은 에드워드역의 박호산 배우님을 비롯하여 모든 출연 배우님들의 멋진 연기가 인상적이었어요. 함께 관람하신 부모님께서도 행복했던 어린시절의 기억과 그리운 고향의 향수를 떠올리시며 어린아이처럼 맑게 웃으며 만족해 하시는 모습을 지켜보면서 부모님 곁에서 어린시절 동화책을 읽어주시던 젊은날의 부모님의 사랑을 되돌아 보았습니다."
PF377586,2020.01.12 00:37,5.0,원작인 팀버튼의 영화 빅피쉬를 보고 감동을 받았던 기억을 가지고 관람을 하게 되었습니다.아버지가 아들의 삶에 영감을 불어넣기위해서 이야기들을 들려주지만 아들은 받아들이지 못하면서 컸지만 결국 아버지를 이해하고 아버지의 마지막 순간을 아들이 완성시켜주는 장면이 감동적이였습니다. 마녀와 거인을 인형으로 만들어 놓은 것이 더욱 동화같은 분위기를 연출해 이야기를 더 환상적인 모습으로 느껴지게 만들었던 부분도 좋았습니다~! 그리고 마지막 강물 장면에서 모든 등장인물들이 강에 서서 에드워드를 기다리는 장면이 가장 감동적이였어요!
PF377586,2020.01.10 09:58,5.0,"영화 빅피쉬를 먼저 봤던터라, 영화에서의 다채로운 색감과 영롱하고 환상적인 분위기를 뮤지컬에서 어떻게 표현할지 가장 궁금했고, 그만큼 기대치도 높았습니다. 뮤지컬 빅피쉬는 그런 영화 팬들의 기대를 충분히, 아니 그 이상 충족시키는 마성의 매력을 가진 극이었습니다.원작이 가진 판타지 느낌, 어른들을 위한 그림동화 같은 분위기를 잘 살린 장면이 아닌가 싶었어요.가장 압권이었던 장면은 뭐니뭐니하고 수선화 장면이었습니다. 화사하면서도 환상적인 수선화가 무대를 가득 채우니, 제 마음 역시도 수선화로 가득차올라 순간 굉장히 벅차올랐던 기억이 나네요. 전반적으로 무대 장치, 디자인, 무대의상 등 공을 많이 들였다는 게 한눈에 보였고, 배우들도 한명 한명 열창하며 연기하기 때문에 관객으로서는 충분히 시간과 돈을 지불해서 감상하는 보람이 있었어요.어린이들에게는 동심의 세계를 더욱 확장할 수 있는 기회가 될 것이고, 어른들에게는 잃어버린 동심을 되찾고 가족의 사랑을 한 번 더 돌아볼 수 있는 기회가 되는 뮤지컬이었어요. 가족 단위로 봐도 좋을 것 같고, 특히 자녀가 있는 가족이라면 더 추천하고 싶어요."
PF377586,2020.01.09 15:28,5.0,"아내와 1년에 한번 이상은 뮤지컬 공연을 보러 가자고 약속을 하고 수년째 약속을 지켜오고 있습니다. 마침 ""빅피쉬""가 한국에서 초연을 한다고 해서 관심을 가지고 보니 남경주와 박호산 두분의 주연으로 진행되며, 그외에도 고수들과 유망주분들이 많이 출연하는 기대되는 공연이었습니다.  기대가 크면 실명도 큰 법. 그러나 빅피쉬는 기대이상의 뮤지컬이었습니다. 무엇보다 40,50대, 아니 그 이상의 가장에게는 ""지금까지 잘 살아왔다. 내가 다 알고 있다""라며 어깨를 토닥거려 주는 것 같은 위로가 있는 작품이고, 여성분과 자녀분들에게는 어드벤처와 로맨스가 있는 훈훈한 작품이 되어줍니다. 아내랑 단둘이 보며, 이전에 데이트 하던 추억도 많이 생각이 나고, 함께 16년을 살아오면서 겪어던 많은 파고와 그 때마다 서로 잘 이겨왔던 감사도 되내여지는 참으로 의미 있는 값진 선물과도 같은 공연이었습니다. 아내와 단둘이 본 것도 너무 좋았는데, 함께 보지 못한 세 아이(딸 둘에 아들 하나)에게도 꼭 보여주고 싶은 작품이었습니다. 다시 아이들에게도 이 공연을 꼭 보여 줘야겠다는 생각이 들었습니다.또한, 어느 뮤지컬 작품에 비추어도 무대의 화려함과 섬세한 연출, 따뜻한 분위기는 압권입니다. 무대장치와 이를 운용하는 기술이 매우 돋보이고 이를 소화해 내는 출연자들의 퍼포먼스와 어울어지는 맛이 또한 일품입니다. 오래간만에 가슴이 따뜻해지고, 가장으로, 남편으로, 아빠로서, 또 아들로서 살아온 삶에 대한 보상을 받은 것 같아 매우 행복하고 뭉클한 시간이었습니다. 아무쪼록 일상에 지친 우리 남성들이 이 공연을 좀 많이 볼 수 있었으면 좋겠습니다. 물론, 아내분들도, 여성분들도, 우리 청소년, 대학생, 학생들 모두 수고가 너무 많은 대한민국이지요... 해서, 모든 연령과 성별을 초월하여 대한민국 모든 사람들이 이 공연을 통해 힐링되고 새힘얻는 기쁨을 누렸으면 정말 좋겠습니다. 오래 오래, 많은 곳에서 공연되는 선물같은 뮤지컬이 되기를 마음 다해 응원합니다. ^^"
PF377586,2020.01.08 16:36,5.0,"어른들을 위한 동화라는 말은 빅 피쉬를 위해 있나봐요.무대에 빠져버려서 즐겁게 보다가 끝에는 울먹이면서 나왔어요분명 처음부터 끝나기 전까지는 흐뭇한 미소지으면서 봤는데 언제부턴가 눈물을 흘리고 있더라구요.흔히 말하는 악역도, 박진감 넘치는 전개는 없지만따뜻하고, 아빠 미소가지어지는 부들부들하고 유들유들한 극이었어요 ㅎㅎ 남경주님은 왜이리 잘하시나요. 분명 1446에서 포스넘치는 태종이었는데...이번에는 다정한 모습도 나약한 모습도 다 보여주는 아버지의 역할이었어요 ㅎㅎ침대와 바닥에서 부르는 넘버에서는 감정선까지, 불편한 연기까지 완벽했어요.분량이 엄청 많으셨는데도 지치지도 않으시고 마지막까지 연기를 잘해주셨어요.김지우님은 좀 발랄하고 에너지 넘치는 연기를 많이 봤는데 ㅎㅎ진지한 연기도 잘하시더라구요. 사랑스럽고 순수한 여성에서 노년이되는 모습까지 연기를 너무 잘해주셨어요. 세월에 따른 목소리 변화까지 100점만점에 100점이었어요. 김성철님은 아버지를 이해하는 과정을 관객들에게 납득시켜야하는 어려운 역할이었음에도 불구하고 잘해주시고 넘버 소화력도 정말 좋으시더라구요 ㅎㅎ 정말 실제로 봐야되는 뮤지컬이에요.배우들의 호소력있는 목소리. 입이 쩍 벌어지는 아름다운 무대. 동화적 판타지를 무대에 구현하는 연출까지. 가족끼리 연인과 함께 보기에 참 좋은 뮤지컬이였어요."
PF377586,2020.01.07 16:21,5.0,"어머니 모시고 보고 왔습니다.지방에서 관람하러 다녀서 회전 잘 안도는데 빅 피쉬는 정말 아버지 모시고 한번 더 보고 싶어요...어머니는 일찍 돌아가선 할아버지 생각에... 저는 아버지 생각에 울컥하고 눈물 조금 나왔네요.티켓팅하고 들어가자마자 놀랐어요. 무대 시작전 막을 쳐두자나요. 빅 피쉬는 막을 안치고 무대를 오픈해뒀더라구요 ㅎㅎ그때부터 뭔가 자신감이 느껴졌어요. ""우리 무대 돈 좀 썼다. 기대해라"" 이런 느낌이었어요ㅋㅋ 무대에 얼마나 자신감이 있으면 공개를 해뒀을까... 뮤지컬을 보고나니 어떤 자신감이었는지 이해가 되더라구요.정말 무대가 환상적이더라구요. 회상장면들은 동화같이 아름답고,  마녀때는 스산한 분위기,  수선화가 펼쳐지는 부분에서는 눈과 귀를 사로잡힐 수 밖에 없고, 앙상블들 의상은 색감부터 디자인까지 어찌 그리 이쁜지ㅎㅎ 동화적 상상력을 무대위에 어떻게 구현할까 싶었는데... 이게 되는군요 ㅎㅎ 대사나 넘버도 번안이 매끄러워서 좋았어요.넘버도 쉬운쉬운 단어로 불러줘서 잘들리고 대사도 쉬운 단어들로 번안을 해서 안들리는 대사가 하나도 없더라구요ㅎㅎ 초연인가 싶을 정도로 완성도가 높더라구요 .배우님들은 칭찬이 필요 없는 워낙 베테랑이시지만김성철님. 배우이신줄 알았는데... 뮤지컬배우 출신인가봐요.발성이 정말 좋더라구요. 넘버소화력도 감정선도 훌륭하시고그리고 무엇보다도 빅피쉬의 주인공은 앙상블님들이신것 같아요.정말 많이 고생하셨어요. 의상도 정말 많아서 갈아입기도 힘들었을테데 심지어 멀티역들도 많더라구요. 끝나고 놀랐어요. 몇분 안되시던데 어떻게 이렇게 잘 소화를 하셨을까. 저는 솔로 킬링넘버보다는 앙상블들 떼창을 좋아하는데 빅 피쉬의 앙상블떼창의 화음과 짜릿함은 황홀하더라구요. 이건 진짜 직접 들어야되요.정말 가슴이 따뜻해지는 뮤지컬이었어요.오래오래해서 저 애기낳으면 나중에 자녀랑 같이 보고 싶어요!! 삼연 사연 오연을 넘어서 계속!! 오래오래 해주세요!!"
PF377586,2020.01.06 10:50,5.0,"초연이라 그런지 아쉬운 부분도 많았지만 전체적으로 정말 따뜻하고 좋은 뮤지컬입니다! 원작이 워낙 유명한 작품이어서 기대감이 매우 컸고 대부분 만족스러웠습니다. 자본 냄새 풍기는 무대 연출이 티켓값 다 했다고 생각 들 정도로 정말 훌륭했습니다.(특히 수선화 씬과 애쉬튼 마을 배경, 그리고 산드라가 다니던학교 배경이 정말 좋았습니다.) 무대를 완전히 즐기는 듯한 배우들도 한 몫 한 것 같습니다.  이야기의 주인공 씬과 서커스단 씬에서 활짝 웃으며 춤추고 노래하는 배우들을 보니 저도 덩달아 기분이 좋아졌습니다. 그리고 나하나 배우님은 시라노때부터 믿고 보는 배우가 되었는데 역시는 역시더라구요. 분량이 조금 적어서 아쉬웠지만 그 작은 분량 마저도 꽉꽉 채우는 나하나 배우님 정말 대단하다고 다시금 느꼈습니다.그리고 조세핀 역할을 맡으신 김환희 배우님 꾀꼬리 같은 목소리도 정말 좋았습니다. 차기작이 있다면 꼭 보러갈 것 같아요!그리고 막바지에 에드워드가 자신의 삶에 있던 모든 친구들에게 인사하는 그 순간, 그리고 말 그대로 빅 피쉬가 되어 강으로 가는 그 장면은 절대로 잊을 수가 없을 것 같습니다. 후기를 쓰는 이 순간에도 그 기억이 상기돼서 눈물이 나네요ㅠㅠ 제가 봤던 회차에서는 손준호 배우님이었는데 그 씬에서 감정에 북받쳐 나오는 목소리에 펑펑 울었습니다... 에드워드가 윌에게 전해주는 그 이야기는 다소 과장이 되었지만 살을 덧붙여 재구성할 정도로 에드워드가 살아온 삶이 얼마나 아름다운 것이었는지 마음에 와닿았습니다.한가지 아쉬운 점은 극장과 음향이었습니다. 우선 예술의 전당은 접근성이 조금 안좋은 것 같아요. 또 무대와 객석의 간격이 너무 넓습니다ㅠㅠ음향은 왜인지는 모르겠으나 어제 제가 본 공연에서는 오케스트라 음향이 배우들 목소리보다 훨씬 커서 대사를 제대로 듣지 못하는 경우도 종종 있었습니다.하지만 빅피쉬 극 자체는 정말 따뜻하고 좋은 극입니다. 오래오래 올려주세요! 나중에 부모가 된다면 꼭 아이들과 함께 보고 싶습니다."
PF377586,2020.01.05 16:28,5.0,"우선 신부 대기실 같은 느낌의 아름다운 대기실이 있어요!대기실 안쪽에는 아름다운 문구도 써져있더라고요~""위대한 사랑은 모든 상상을 가능케 한다""&lt;빅피쉬 Story&gt;에드워드 블룸이 아들 윌에게 다양한 경험담을 말해주지만윌은 반항심으로 이야기의 진실을 파헤치는 이야기!무겁지 않고 가볍게 진행되어서 온가족이 보기 좋은 뮤지컬이라 생각되었답니다.&lt;배우별 매력 포인트&gt;-에드워드/남경주아들을 사랑하기는 하지만, 진짜 관심이 있는지 없는지는알수 없던 느낌의 아버지였어요.아들의 취미가 뭔지, 요즘 뭘 하고 다니는지도 모르고자신의 이야기만 신나서 들려주려 하지요.​윌도 질릴만 하죠, 재미있는 이야기도 맨날 들으면 싫증나잖아요~하지만 그만큼 연기, 노래 다 완벽했던 남경주님!산드라를 향한 길고긴 고백, 그리고 수선화 꽃밭 고백씬에서도 멋졌고요.​-산드라 블룸/구원영댄스 그룹으로 첫등장을 하신 구원영님.저는 저분이 구원영님인줄 나중에야 알아차렸다지요.어리고 순수했던 아가씨 시절부터,나이든 아내/엄마 역힐을 세월에 따라서 적절하게 표현해주셨어요.​낯설지만 아버지의 진실된 마음의 고백에 끌려 끝까지 함께해주는데요.따뜻한 마음씨가 넘쳐흘렀던 구원영님이셨어요.-윌&gt;김성철아버지의 이야기의 진실과 허풍의 경계를 파악하려는감정 변화가 멀리서도 절실하게 느껴졌어요.​사춘기 소년의 반항기도 정말 잘 표현되었어요.-조세핀&gt;김환희머리를 짧게 단발로 하고 나오셨어요.일반적으로 새색시하면 연상되는 이상적인 모습을뮤지컬 무대 위에서 마음껏 뽐내신것 같아요!&lt;후기&gt;인어는 의상으로, 마녀와 거인은 인형으로 표현되었는데요.여기서 이래서 가족뮤지컬이구나~ 이해되더라고요.또, 수미상관 형식으로 앙상블 분들과 함께 진행된 시작과 끝, 아름다웠어요.모든 캐릭터들이 나와서 이것이 대극장 뮤지컬이다 보여주는 씬이었죠!하지만 똑같아 보이는 시작과 끝에는 숨어있는 반전이 하나 있는데요.그건 공연장에서 직접 보시면 더 좋을 것 같아요!"
PF377586,2019.12.23 20:41,5.0,아쉬운부분도있지만 원작의 느낌을 잘살려줘서 너무 좋았어요개인적으로 나하나배우 믿보배됐어요
PF377586,2019.12.21 10:56,5.0,두번째로 관람한 뮤지컬 빅피쉬였는데앞자리에서 볼 수 있어서 더 좋았습니다.용감하고 듬직한 에드워드 상냥하고 예쁜 산드라그리고 냉철하고 눈이 유독 빛나던 윌1막 마지막에 수선화장면은 너무나도 예뻣고1막에서 이어진 감정이 2막에서 폭발할땐 저도 모르게 눈물이 나오는..신기한 경험을 할 수 있었어요. 보면 볼수록 더  행복해지는 뮤지컬이네요 어서 또 빨리 다시 보러 가고싶어요.
PF377586,2019.12.19 17:50,5.0,"워낙 기대를 많이 했던 작품이라 초반 후기를 참 열심히 뒤져봤었는데 호불호가 꽤 갈린다길래 걱정 가득안고 관람했습니다. 근데.. 이 무슨 배우 등장부터 황홀할 지경의 작품인지, 꿈을 꾸는 듯 너무너무 즐겁게 관람했네요. 아름다고 사랑스럽고 또 감동적인 1막, 그리고 눈물 흘리지 않을 수 없는 2막. 하나하나 버릴 게 없는 씬들과 배우들의 열연, 아름다운 무대, 그야말로 황홀경이었어요. 지금 빅피쉬를 3번 관람했는데 볼때마다 새롭게 웃고 또 웁니다. 특히 손준호 에드워드에게 크게 박수쳐주고 싶어요. 어릴땐 귀엽고, 씩씩하고 다정한 청년도 너무 매력적이었고 노년의 눈물 연기는 저도 펑펑 울게 했네요. 에드워드를 사랑하지 않으면 이입하기 어려운 작품인데 덕분에 정말 매번 행복하게 봅니다. 전 연령대가 즐기기에 좋은 것 같아 다음에는 부모님 모시고 보러가요. 제 인생 뮤지컬 중 하나로 꼽게 된 작품입니다. 관람을 고민하고 계시다면 꼭 봐주세요. 저처럼 디즈니같은 거 좋아하시는 분들은 정말 취향 저격일 거에요."
PF377586,2019.12.17 23:22,5.0,제 인생. 최고의 뮤지컬 중 하나로 남을 것 같아요. 원래도 영화를 너무 좋아했는데 그 환상적인 마법같은 모험을 무대에서 굉장히 생동감 있게 잘 보여줬어요. 수선화 씬은 무대 효과가 아름다워요. 거울을 이용해서 마치 온 배경이 수선화 밭인 것처럼 표현한 게 영리해요. 2막 내내 윌의 모습에서 저를 보고 아버지를 이해하는 과정에서 저도 어렸을 때 영웅같았던 아버지를 따올리며.. 지금은 작아진 아버지를 생각하며 내내 울었습니다. 마냥 동화적인 색채이지만 깊은 사랑을 그리고 있는 작품.. 빅피쉬 재관람 의사 200%입니다ㅠㅠ
PF377586,2019.12.16 19:34,5.0,"연기, 노래, 연출 어느 하나 빠지는 게 없는 정말 최고의 뮤지컬이었어요 :) 정말 만족합니다! 기회가 되면 재관람할거예요!"
PF377586,2019.12.16 17:35,4.0,동화같은 이야기를 꿈꾸고 예매를 했다 무대가 반짝반짝 예뻤지만 인형탈을 쓰고 나와서 의상이 놋데월드 퍼레이드를 보는 느낌이었다 이미 브웨에서 공연된 극이지만 국내 초연이라서 많은 기대를 했는데 캐릭터를 사용하는 부분은 다소 아쉬움이 들었다 1막의 아쉬움을 가지고 2막을 보는데 내가 많이 동심을 잊었구나 하는 감정과 함께 북받혀 올라오는 슬픔에 많이 울었다 내가 본 에드워드는 아쉬운 부분이 많아서 다른 에드워드로 한번 더 보고싶기는 하다
PF377586,2019.12.12 01:49,5.0,"12월 11일 20시 공연 설레는 마음 안고 대구에서 서울까지 올라가 남경주, 김성철, 구원영  페어로 봤습니다. 일단 전체적으로 여지껏 나의 이야기는 어떻게 풀어볼 수 있을지 생각하게되면서 어떤 사람인지, 자신을 사랑할 줄 아는 사람이기를 스스로에게 더 다독이고 위로받으면서 봤네요. 또 결국 아빠를 이해하는 윌, 그렇게 가족애도 느껴볼 수 있던 따듯한 뮤지컬이었어요. 인생 첫 뮤지컬 봤을때 남경주 배우님  뵀었는데 여전히 그 때 그 모습이신것 같아서 더 기뻤고 집중도 잘됐어요. 또한 김성철 배우님 호흡이 몇년 전 팬레터때보다 듣기 편했구 김환희 배우님 처음 봤는데 목소리 너무 아름다우셨어요. 마녀님 우아하고 섹시했어요! 영화나 책을 과연 어떤 내용으로 더 풀어보일까 했는데  시간적 흐름이 다소 자주 바뀌지만 이해도 쉽게 할수 있고, 중간중간 기본적인 유머러스함에 편하게 웃으면서 봤어요.여태까지 뮤지컬 넘버중에 거의 모든 노래가 가사와 함께 멜로디가 어루러져 저에게 와닿았어요. 가사를 들으며 배우님들 연기하는 모습에 실제로 두번? 울었구요. 정말 집 오는 길에 유투브 들어가서 있는 영상 다시 다보구ㅠㅠ또한 중간에 수선화 꽃밭.. 진짜 이건 역대급!!!! 정말로 이거 하나를 위해서라도 다시 볼래? 하면 볼 수 있을 정도로 아이디어도 멋있었고 정말 진짜 장면이 예쁘고 배우님들 노래하며 최고였어요ㅠㅠ 여러분 진짜 꼭 보셔야해요."
PF377586,2019.12.09 00:14,5.0,"극이 시작하기 전 무대가 장관이다라는 이야기를 듣고 첫공을 관람하였다. 1막은 80분 2막은 60분 이었고  첫만남의 무대는 아기자기 한듯 인형의 집이 연상되었다. 토월극장의 경우 무대가 깊은편인데 보여지는 무대는 앞쪽만 쓰는 느낌을 받았는데 2막으로 갈수록 무대를 깊게 쓴 부분을 알 수 있었다. 극이 시작전 인형의 활용되는 점이 있어 궁금했는데 커다란 인형의 탈을 쓴 마녀라던지 거대인형을 탄 칼, 그리고 서커스 코끼리 등 상상할 수 없었던 연출을 많이 볼 수 있다. 뿐만아니라 탭댄스 안무도 있어 볼거리가 다양하고 수선화 밭이 나오는 장면은 뒷쪽에 앉을 수록 좋을 것 같다. 앞쪽에 앉았더니 반사되는거만 봐서 아쉬웠다. 문득 42번가의 장면이 떠오르기도 했다. 넘버는 잔잔하면서도 귀에 딱 꽂히는 넘버가 없다고 생각이 들었는데 공연이 끝나고 난 뒤 이상하게 머리 속에 맴돌았다. 무엇보다 김성수배우님의 소년 연기 귀여우셔  그 모습을 소장하고 싶었다. ㅠㅠ 또 보러가고 싶다!!"
PF377586,2019.12.07 01:21,5.0,"성인이 되고 처음 본 뮤지컬입니다...! 사실 후기보고 조금 불안했었는데배우님들 연기랑 목소리, 노래 다 너무 좋았어요~~무대셋팅도 아름답고 또 꽃이 떨어지는 부분이 참 아름다웠어요..! 처음 알게된 배우님들, 다른 작품도 하면 보러가고싶네요~"
PF377586,2019.12.06 14:28,5.0,재미있어요
PF377586,2019.12.05 11:51,5.0,첫공보고 후기는 진짜... 무대연출 너무 완벽하다는 겁니다무대를 진짜 너무 잘만들었어요 이렇게 완벽해도 되나 싶을정도로 오필영무대지나이너님 감사합니다앙상블분들도 진짜 최고예요 너무 잘하세요 특히 마녀씬이나 서커스씬 같은 경우에는 다들 모여서 시너지가 장난 아니구요 처음 넘버 비더 히어로는 아역배우가 어떠냐에 따라 다를 것 같아요 저는 우진배우로 봤는데 너무 잘하고 귀엽고 하더라구여 ㅎㅎㅎㅎㅎ빅피쉬는 넘버가 하나하나 진짜 주옥 같은데 산드라 솔로너버는 제일 슬퍼요... 배우자를 먼저 보내야 하는 그런 응어리가.... 진짜 뭐랄까.... 그건 겪어보지 않으면 모르는건데 그걸 연기하신다는게 최고인거 같아요 영상도 완벽해서 그 장면 자체가 그냥 슬픕니다 ㅠㅠㅠ물론 판타지적 요소를 강하게 만들기 위해서 인형털을 쓰고 나오고 하긴 하지만 그 부분은 연출님의 강력한 의견이었다고 생각하니 그냥 연출에 한 부분이라 생각하고 넘기시면 될 것 같고ㅠㅠ제일 멋진 무대는 황수선화 아니겠습니까 빅피쉬하면 수선화니깐요 그부분을 너무 완벽하게 필영디자이너님이 해주셨어요 이거 볼라면 이층으로 가야해여 일층에서는 절대 안보입니다 이층 가셔야합니다첫공이 이렇게 여운이 남는데 다들 얼른 오셔서 수선화보고 가셨으면 좋겠어요 ㅠㅠㅠ 말로해도 이게 직접보는거랑은 많이 다르잖아요!!! 엠디도 이쁘고 무대도 이쁘고 의상도 멋지고 그냥 모든게 완벽한 빅피쉬 여러분들 꼭 츄라이츄라이 입니다 너무 멋진 빅피쉬팀 화이팅!!!
PF377586,2019.12.05 10:09,5.0,넘 넘 쉬나요~~
PF378344,2020.02.03 00:43,5.0,재밌어요. 임태경배우님 당년정  최고네요!
PF378344,2020.02.02 23:50,5.0,고백할게요. 실은 의구심을 거두지 않고 눈에 쌍심지를 켜고 공연을 봤어요. 내 추억의 영화 &lt;영웅본색&gt;을 훼손하기만 해봐라. 사랑하는 영화에 손상만 입혀봐라. 이런 마음이었거든요. 그런데 웬걸요. 영화만큼 아니 그보다 더 훌륭하게 무대 위에 &lt;영웅본색&gt;을 그려냈더라고요. 배우들 연기 정말 훌륭했고 LED배경 말할 것 없이 좋았습니다. 정말 정말 정말 좋았어요. 새로운 감각으로 추억의 영화를 더 사랑할 수 있게 해준 멋진 뮤지컬이었어요. 눈에 쌍심지 켰던 걸 반성하며 뮤지컬 &lt;영웅본색&gt; 제작진과 배우들에게 사랑과 애정과 감사를 보냅니다~!!
PF378344,2020.02.02 00:28,5.0,영웅본색 영화 말은 들어봤지만 보지는 않았고 평소 좋아하는 장르가 아니어서 자첫 하는것에 엄청 고민 하였는데. LED를 이용한 연출. 컷콜 맛집 이라는 소문을 듣고 자첫 ㅎㅏ였는데 완전 취향 저격 당했습니다. 화려한 LED 영상과 배우분들의 짱짱한 성대!! 극 보는 동안 단 한번도 지루하지 않았습니다. 제가 서울에 살았다면 매번 보러 갔을텐데ㅜ 최대한 많이 볼 수 있도록 노력해야겠네요.
PF378344,2020.02.01 03:17,5.0,"좋아하는. 연출님 , 음악감독님 작품에 좋아하는 배우들을 한무대에서 보는게 너무 좋네요~한지상 배우님, 민우혁 배우님, 박민성 배우님~눈호강에 귀호강~정유지 배우님도 너무 사랑스럽고 잘하시드라구요~다른페어들도 물론 잘하시구요~영상, 스토리각색, 음악, 배우 모든게 좋아요~다음 관극일이 너무 기다려집니다~~"
PF378344,2020.01.29 15:47,5.0,"첫 공연을 포함해서 총 5번을 봤고 2월, 3월에도 예매를 해놨을 만큼 너무 감동적이고 재미있습니다! 우선 LED 화면을 잘 이용하여 보는 내내 화려한 연출을 생동감 있게 느낄 수 있었고, 거기에 배우분들의 호소력 강한 연기와 노래가 잘 어우러져 극이 끝나면 큰 여운이 남는 거 같습니다. 또 회차를 거듭할수록 프리뷰 기간에 다소 아쉬웠던 연출 실수 부분이 개선되는 것과 배우분들의 역할 몰입이 고조되는 것이 영웅 본색 회전문을 돌게 합니다- 영웅 본색 원작 영화를 보고 가면 캐릭터 이해에 도움이 되지만 영화를 보지 않고 뮤지컬 영웅 본색을 봐도 충분히 의미 있는 관극을 할 수 있을 거 같습니다! 정말 모든 주연, 조연, 앙상블, 관계자분들이 많은 노력을 했다는 것이 잘 드러나는 뮤지컬입니다- 영웅본색 뮤지컬을 볼까 말까 고민하고 있는 분들이 있으시면 꼭 한 번 보라고 추천해드리고 싶습니다!!!"
PF378344,2020.01.29 15:21,5.0,"영웅본색을 본적이 없어서 정보가 부족한 상태로 관람을 했었는데 멋있는 배우님들의 연기, 음악, 노래, 안무 너무 멋있고 좋았어요! 재관람 해야 하는 이유입니다^^"
PF378344,2020.01.28 13:06,5.0,유준상배우님 진짜 연기고 노래고 전부 최고셨고 이장우 배우님 감정선도 진짜 대박이었어요!! 박민성배우님도 정말 최고였어요ㅠㅠㅠ 다시보러가고싶은 뮤지컬이었네요ㅠㅠ
PF378344,2020.01.27 19:23,5.0,"프랑켄슈타인, 벤허의 전작들을 재밌게 봤던 터라 연출진은 물론 배우님들덕에  안그래도기대감이 큰상태인데 세계적으로 유명한 원작을 무대에서 어떻게 재현할까 궁금했는데  LED판넬이 무려 천개나 동원된 무대는 시시각각 변화하며 상황과 날씨를 표현해주어서 정말 한편의 영화를 보는 착각을 들게했고 심지어 영화속 주인공들이 화면을 뚫고 나와 눈앞에서 움직이는 착각을들게 해서 정말이지 한편의  영화를 보는 기분을 들게하더라구요.특히 비가 내리는 씬은 마치 내가 실제로 비가 쏟아져내리는 순간과 마주한 기분을 들게해서 스크린이 주는 리얼함이 이 극의 장점인거같아요.거기에 배우분들의 연기와 오케스트라에 맞춰 노래가 함께이루어지니 아.. 최고였어요. 특히 앙상블 배우님들 수트입고 단체로 군무추시는거 너무 멋졌습니다!진짜 재밌었고 장면들도 생각나고 넘버들도 생각나고 시청각을 즐겁게 해주는 공연을 많은분들이 보셨으면 좋겠네요!"
PF378344,2020.01.27 17:05,4.0,"너무 재밌게 봤습니다. 유준상 배우도, 이장우 배우도 노래 잘하네요. 특히 마크 역의 박민성 배우 최고입니다. 커튼콜도 공연처럼 멋지게 노래와 공연해주셔서 최고얐어요. 무대영상(세트)도 너무 좋았어요. 모든 배우의 노래와 춤, 연기와 연주도 최고였습니다. 또 보고 싶어요. ^^"
PF378344,2020.01.25 15:03,5.0,정말 보는내내 시작전부터홍콩야경위에 동동띄우시더니보는내내홍콩에 다녀온 기분 이엇습니다배우님들 너무 연기 찰떡같이 하시고ㅜㅠ노래도 다좋아요앙상블최고입니다 좋은시간 선물해주셔서정말 감사햇어여
PF378344,2020.01.23 02:30,5.0,영웅본색!!민우혁!!박민성!!박영수!!너무 재미있었어요!!
PF378344,2020.01.21 23:05,5.0,너무 좋아요 너무 너무 너무 재밌어요ㅠㅠㅠㅠㅠ
PF378344,2020.01.19 22:02,5.0,"☆☆☆오늘밤 난~전~설~이  된다~~~!☆☆☆빠라바밤~빠라라 빠바밤~오버츄어에서 마크 자호 바바리입고 등장할때부터 헉~너무머쉬써~!!쉴새없이 바뀌는 홍콩배경LED! 정말멋져서 입 떡 벌어집니다!초반 경찰대학시절 자걸은 마냥밝고 개구진 동생의모습 이었고 아버지가 돌아가시고 형 자호가 감옥에들어가 3년이라는 시간이지난 후 마주한 경찰이된 자걸은 슬픔을 꾹꾹누르고 형에대한 원망과분노에(형이 전과자라는 꼬리표가 따라다니고 매번진급에도 누락된다..)차갑게 외면하지만 형을 바라보는 눈에는 아직 형에대한 그리움과 사랑이있는거같고ㅜㅜ수족관씬  페기와  춤추는씬 너무 아름답고 설레요.♡♡출소후 일자리 얻으러가서 견숙과 스탠드업 노래에 신나게 춤추는 유자호(이분 흥누르고 자호연기하느라 힘들듯..ㅋㅋㅋㅋ)2막에 자걸이부르는 유성이진다와 분향미래일자..가사가 왜이렇게 슬픈지 매번 눈물 흘립니다.ㅜㅜ 원곡멜로디 그대로의 감성과 한국어가사의뜻이 너무 잘어울립니다.자걸의 괴로움 슬픔을 잘표현해서 너무 너무 감동받았습니다.이넘버 들으러 회전돌거에요ㅜㅜㅜㅜ유자호 당년정,하늘아래서 부를때 감정 너무 슬프고 애틋...성마크는 오늘도 성량폭발~마지막 죽는장면 너무 마음 아프네요..오늘 엔딩씬때 자호 수갑차고 부르는넘버에서 자걸..너와함께 ~ 했는데 눈물폭발ㅜㅜ 나가는 뒷모습엔딩 역시 최고!벌써 6번째 영본이지만 볼때마다 감동입니다~♡.♡친구를~위하여!형제를~위하여!여러분 모두 영본하세요~~!!"
PF378344,2020.01.15 12:41,5.0,왕연출님 이전작품을 매니아라 이번 영웅본색도 기대를 많이 했습니다.LED 화면은 뮤지컬에서로 이런표현을 할수 있구나 할 정도로 눈이 즐거웠습니다.좋아하는 배우님들 한눈에 볼수 있어서 좋았구요.영화 영웅본색 세대인 저로서는 옛 추억이 잠길수 있어서 좋았습니다.부모님께도 추천드리고 싶네요^^
PF378344,2020.01.14 00:30,4.0,"명곡이 가져다 주는 감동, LED 전면 패널에서 나오는 화면의 다채로움,배우님들의 열연에 점점 더 완성도가 높아져 가고 있는 뮤지컬입니다.다만, LED에 치중한 나머지 그 외의 세트 부분이 허술하다는 점, 오케스트라가 때때로 배우분들의 박자와 맞지 않는다는 점에서 별 하나 뺐습니다."
PF378344,2020.01.11 16:15,5.0,"원작 영화가 한 시대를 풍미하던 시절이 지나고 태어난  풋내기지만  이 작품을 관람하고 나니 그 시절 어떤 감성에 그토록 열광했는지 저도 알 것 같습니다. 영화를 기억하는 세대에겐 영화 속 장면을 효과적으로 옮겨온 명장면들, 추억 속 장국영의 노래들이 진한 향수를 자극하고,젊은 세대에겐  무대 위  배우들의 생생한 열연, 화려한 LED 장치를 통해  다소 고루하다고 생각했을 수도 있는 우애, 신의 등을 되새겨볼 좋은 기회가 될 것 같습니다.앙상블 배우분들의 칼군무가 돋보였고 한지상, 박민성, 임태경, 제이민, 김대종 배우 등 주조연 배우들의  시원시원한 넘버, 뛰어난 연기력이 매우 돋보였습니다. 모든 세대가 어울려 관람할만한 재미있고 감동적인 작품입니다."
PF378344,2020.01.09 22:50,5.0,무대가 생각보다 넓진 않았지만 그만큼 배우님들과 가까이 마주 할 수 있어 좋았습니다~ 크게 기대를 하지 않았는데 너무 재밌게 보고 왔습니다:) 무대 연출도 좋았고 유준상님 노래가 많이 늘으셔서 더더 집중했어요! 남은 공연도 성공적으로 마치시길 바랍니다~
PF378344,2020.01.07 00:33,5.0,영웅본색 어릴적 영화로 봤던 기억이 희미하게 있어서 더 재밌게 본것같습니다익숙한 노래들과 무대위에서 멋진 연기를 보여주신 모든 배우님들 덕분에 또 보고싶네요
PF378344,2020.01.06 23:26,5.0,"원작의 인물 관계를 잘 살리면서도 뮤지컬에 맞게 잘 각색한 덕분에 영화와는 구별되는 뮤지컬만의 매력을 확실히 느낄 수 있었어요. 시작도 전에 장국영의 사진을 보고 울컥했고 그가 불렀던 주제곡 &lt;당년정&gt;을 공연 중 들으며 눈물을 쏟았습니다. 원작이 그랬듯이 세 남자의 우정과 형제애를 애틋하게 그려내고 있어 중간중간 눈물 글썽였고, 사이사이 가슴 뭉클하며 봤네요. 뮤비컬의 모범으로 많은 분들의 사랑을 받게 될 거예요. 좋은 공연 올려주셔서 감사합니다~"
PF378344,2020.01.06 21:12,5.0,"무대 사이드와 위쪽을 전체적으로 둘러싼 LED 영상과 무대 뒤쪽에 커다란 스크린까지 여러겹으로 가득 채워진 무대의 영상 효과는 지금까지 본 뮤지컬 중에서 단연 최고에요. 홍콩의 화려한 밤거리와 뒷골목, 지하 주차장부터 붉은 노을, 푸른 하늘, 별이 가득한 밤 하늘 등의 다양한 장소와 장면을 연출하고 건물 사이로 비가 내리는 장면과 수조관 연출, 위조지폐를 만드는 현장 등은 영상이 겹겹이 연출되어 디테일하고 세련된 시각적인 효과에 놀랐어요.무엇보다 가장 기대했던 액션신 역시 영화 장면 같은 효과가 더해져서 무대에서 마치 한 편의 영화를 보는 것 같아요.넘버는 영웅본색의 OST 중에서 유명한 곡을 개사한 곡들이 많아서 익숙하고 당년정, 분향미래일자 등을 오케스트라 연주로 웅장하게 들을 수 있어요. 액션 느아르라서 강렬한 넘버를 기대했지만 감성적인 곡도 많고 특히 커튼콜 맛집이라서 Stand up! 신나게 즐길 수 있어요. 민우혁, 박민성, 임태경, 한지상 배우님은 역쉬 최고에요. 이장우, 최대철, 유준상배우님은 뮤지컬에서 처음보는데 연기랑 액션도 좋고 노래도 수준급이라서 볼 만했어요."
PF378344,2020.01.05 15:35,1.0,배우들의 열정은 인정하지만 뮤지컬로서의 영웅본색은 빵점  주겠습니다.
PF378344,2020.01.05 09:38,5.0,여러번 봐도 질리지 않고 감탄만 나오는 영화같은 뮤지컬!! 너무 좋아요 느와르의 품격을 잘 살려준 작품
PF378344,2020.01.05 09:37,5.0,배우들이  온 힘을 다하는 영화!!!  너무 재미있고 화려하고 멋있습니다 강추!
PF378344,2020.01.02 15:34,5.0,뮤지컬을 보러가기전 후기 중에 영화를 보고가면 이해가 더 잘 될거라고 해서 감상 후 관람하였는데 영화에서 보던 장면들이 다 섞여서 나와서 조금 정신없긴했지만 뮤지컬 그 자체가 웅장하고 멋있고 배우분들이 너무 잘해주셔서 재미있게 관람하고 왔습니다 제가 결제한 날이 커튼콜데이여서 촬영까지 할 수 있어 좋았습니다  멋진 자호 자걸 마크 다 너무 잘해주셔서 재밌게 보았습니다 이번 뮤지컬 매력에 빠져서 한번 더 관람 할 예정이에요앞으로도 영웅본색 화이팅 형제를 위하여! 친구를 위하여! 영!웅!본!색! 가자!!!올해 2020년에도 대박 나길 바랍니다
PF378344,2019.12.31 02:36,4.0,"25일 전후에도 17일, 27일 관람하고 왔는데 갈 수록 배우들의 디테일과 연출, 무대장치 등이 많이 바뀌어가고 있더라구요. 2주만에 많은 부분이 발전하고 있는 모습을 보아 앞으로의 성장이 더욱 기대되는 뮤지컬입니다. 자호, 자걸, 마크 세 주연 모두의 상황이 가슴이 미어지게 하고 마지막 커튼콜 장면 속 행복한 그들의 모습을 통해 찡함을 느끼게 하더라구요. 스탠드업이랑 아성 넘버도 극 분위기를 신나게 즐길 수 있도록 해주는 중독성 있는 넘버라 좋습니다. 앞으로도 영웅본색 파이팅! 형제를 위하여 친구를 위하여 영웅본색을 위하여!"
PF378344,2019.12.30 19:09,5.0,어렸을때 비디오로 보던 영웅본색을 뮤지컬로 다시 보게되니 추억이 새록새록 떠오르더군요. 익숙한 ost와 배우들의 열연으로 더욱 즐겁게 감상할수 있었습니다. 두번정도 앞열에서 봤는데 배우들표정까지 잘보여서 좋았지만 앞열과 단차가 거의없어서  다소 아쉬웠고요. led화면이나 무대를 전체적으로 보고싶어 다음번엔 2층에서 보려합니다. 마지막으로 커튼콜이 정말 즐겁고 행복한 시간이었는데 제가 볼때는 촬영금지여서 안타깝게 생각하고 있습니다. 커튼콜 촬영일을 자주 주었으면 하는 바램입니다.
PF378344,2019.12.30 18:19,5.0,"자호와 마크가 서로의 우정을 확인하고 의리로 뭉칠 때는 정말 뭉클하면서 마음이 벅찼고, 자걸과 페기가  서로에게 두근거림을 느끼며 춤을 출때는 마음이 몽글몽글해졌어요ㅎㅎㅎ그리고 뒤에 LED 배경도 너무 예뻤어요! 영화 영웅본색의 익숙한 음악으로 시작하여 자호와 마크가 선글라스를 끼고 담배를 피면서 나오는 그 순간부터 마지막에 자호와 자걸이 함께 걸어가는 순간까지  흥미진진하게 내용이 전개되어서 150여분이 정말 순삭! 인물이 처한 상황에 따라서 홍콩의 어두운 모습과 화려한 모습이 교차되는 것을 보면서 정말로 홍콩에 있는 듯한 느낌이 들었고 그래서 더 집중할 수 있었어요😆  아직 민우혁 배우님의 자호, 이장우 배우님의 자걸, 최대철 배루님의 마크 밖에 보지 못했지만 다른 페어로도 보고 싶네요😜"
PF378344,2019.12.30 12:49,5.0,"자리는 중앙이 좋은 것 같아요 한블럭만 옆으로 가도 화면이 안 맞아서 중앙에 앉아서 보시는 걸 추천드립니다 음향도 괜찮고, 뮤지컬 배우님들 노래, 연기, 몸 쓰는 것도 멋있어요~~견숙 stand up 넘버도 좋았어용"
PF378344,2019.12.29 22:18,5.0,무대영상에 눈이!노래와 오케스트라의  합에 귀가!배우들의 혼신의 연기에  심장까지!!저의 모든 감각들이 행복했던 공연이었어요!!또 보러 갈테니 딱 기다려요!!
PF378344,2019.12.29 19:52,5.0,"저는 민우혁 배우님, 한지상 배우님, 최대철 배우님, 정유지 배우님 페어로 봤어요! 제가 느와르 영화는 한번도 보지 못했는데도 불구하고 굉장히 재미있었고 화려한 연출, 그리고 우리나라 탑 뮤지컬배우분들의 노래는 말할 것도 없구요! 정말 기억에 남는 뮤지컬이었어요. 기회가 된다면 또 보고 싶은 공연입니다!!"
PF378344,2019.12.27 14:38,5.0,프리뷰공연봤고 22일 공연까지 잘 봤습니다. 티링에서 주신 선물도 잘받았습니다. 원작은 안 본 상태로 봐서 그런지 두번의 공연모두 1막진행이 2막에 비해 빠르게 진행된다고 생각합니다. 그리고 뭔가 축약해서 진행되는거 같아서 영화가 궁금해지네요. 물론 영화를 보고나면 또 다른 의미로 화가 난다고는 하지만...LED패널이 신세계고 비행기가 진짜 뜨는것같이 보이거나 병원씬과 대만씬이 겹쳐서 일어나니 뭔가 영화를 보는것 같았네요. 그리고 교도소 장면과 그 시간을 보내고 있는 자걸의 생활 이렇게 공간의 제약 없이 연출하는 방식이 영화같았어요 점점 발전하는 무대연출 왕용범 감독님이 새로운 역사를 쓰시는것 같아요. 그래서 월드프리미어인가 싶네요. 그럼에도 불구하고 너무 영상에 기대셔서 뮤지컬만의 무대장치나 소품 관객의 상상력을 자극하는 음향부분은 너무 소홀히 하지않으셨나.....아쉽네요. 그냥 재연 영화를 찍어서 올리신느낌......다음 작품 올리실때는 양쪽 다 보완되서 최고의 작품이 나왔으면 합니다.
PF378344,2019.12.27 07:22,5.0,즐거운 시간이었습니다.크리스마스이브에 장국영의 명곡들과 영웅본색의 명곡들 명장면들이 가득했네요.친구에게 양도받아 엄청난 교통체증을 뚫고 간 보람이 있었습니다.특히 MD할인권!!!덕분에 프로그램 북과 마스킹 테잎을 저렴하게 구매할 수 있었네요^^ 좋은 크리스마스 이브 만들어 주셔서 고맙슴돠 ^^즐거웠습니다. 많이요
PF378344,2019.12.26 01:02,5.0,모든 사람들이 행복한 하루를 보낼 크리스마스날 저녁공 민우혁 한지상 박민성 배우님들 페어로 관람했습니다. 제가 사정상 프리뷰 첫공을 다 못봤는데 마침 오늘이 같은 캐스트여서 더더욱 좋았습니다. 오늘에서야 1막부터 2막까지 엄청난 집중을하며 관람했는데 정말 배우들의 대사 하나하나 표정 하나하나..정말 모든게 다 살아있었습니다.또 배경이 빠르게 바뀌면서도 홍콩의 밤 거리와 적절한 상황에 쓰이도록 장면마다 다양한 색감을 표출해내는 배경 led화면들이 하나같이 다 와 닿고 자호의 감정에 따라 자걸 그리고 다른 배역들의 감정에 따라 제 감정들이 요동치는 듯한 느낌을 받았어요. 기존 영화를 다 챙겨보고 영화 속 장면들을 떠올리며 무대를 보고있다보니 더 생생하게 영화를 정말 눈앞에서 보고있는것 같다는 생각까지 들었습니다. 연기력과 가창력이 뒷받침해주는 주조연배우들부터 모든 장면마다 노래와 연기 칼같은 군무를 보여주는 앙상블배우들까지 어디하나 흠 잡을데가 없는 공연이었습니다. 너무 만족했고 너무너무 재밌게 보고 나왔네요. 마음같아선 정말 매일 볼수있다면 정말 좋겠는데 그건 저로써는 할 수 없는일이라..ㅠ 영화를 보고서도 느꼈지만 액션과 총격이 난무하는 느와르에서 피어나는 자호자걸 두 형제의 우정과 애증 그리고 또 그 안에서 작게나마 자라있던 애정...그리고 또 피할수없이 너무나도 가혹했던 운명..친형제와 다름없는 마크의 자호를 향한 헌신적인 충성심 그리고 무한한 믿음 또 목숨까지 바칠 수 있었던 너무나도 끈끈한 우정...이게 진짜 남자들만의 의리이고 찐우정이구나 라는걸 생각하게 하는 극이었습니다. 극을 또 보더라도 저의 생각은 변함이없을거같네요...영웅본색 뮤지컬화 너무 좋은거같아요 안봤으면 후회할뻔!!정말 취향저격당했습니다..ㅠ미리 예매해둔 날이 며칠남았는데 그 날만 기다리며 하루하루를 보내야할거같아요. 잘봤습니다...금방 또 보러갈게요!!!
PF378344,2019.12.25 21:48,4.0,"21일  낮공 민우혁 한지상 박민성 배우님 회차로 관람하였습니다~그 며칠전부터  있었던 프리뷰 공연 후기를 듣고 갔던터라 음향이 어떨것인가가 저의  걱정 이었습니다안내방송과 함께 오버츄어를 시작///  양쪽 스피커와 위쪽에서 쏟아져 내리는  소리 때문에  악기들이 소리가 엉켜서 잘 들리지 않더군요,,,  배우님들의 단독 혹은 듀엣 넘버들은 잘 들리는데 앙상블 배우님들은 무슨 가삿말로 이야기 하는지 알아듣기 힘들더라구요 ㅠㅠ들려도 정말 초집중의 상태에서 마디가 끝나야만  아~하고 대충 짐작으로 알아듣겠더라구요 ㅠㅠ    고음의 상태에 올라가면 소리는 찢어 질듯 들리구요,,,하지만 LED도 좋구  씬 전환도 빨라 지루할틈 없이 좋았구 배우님들 연기는 말할것도 없이 최고 였습니다.  연습량이 상당 했으리라는 생각이 들기도 했구요~음악이  배경이  배우가 아무리 좋아도  내용을 모르고 넘버가 주는 힘이 없다면,,,,  가삿말이 안들려   의미를 모르겠다면 그 공연이 과연 관객들의 마음에 오래 기억 될까요?????  저는 곧 다시 재관람을 갈 예정 입니다만 많은 관객들의  n차 관람을 위해서 음향을 꼭 체크해 주시길 바랄뿐입니다~"
PF378344,2019.12.25 01:15,5.0,"한지상 민우혁 박민성 박유지  페어 로 보았습니다.뮤지컬에서는 워낙  유명한 배우님들이라 노래나 연기  다 좋았습니다.  너무 멋있고 형제애와 우정이 잘 나타났던 것 같아요.느와르를 즐겨 보지 않음에도 볼거리가 많아서 재미있었고, 연출이나 전체 구성도 좋았습니다.영화는 어렴풋이 기억나는데 넘버를 영화에서 그대로 가져온 것들이 많아 귀에 익어서 더 좋았고, 그 시절 홍콩이 배경이라 자칫 촌스러운 느낌이 들 수 있는데  배경은 그대로 가져 오면서도 그런 느낌은 들지 않았습니다. 남녀불문하고 모두 즐길 수 있는 뮤지컬인 것같습니다~"
PF378344,2019.12.24 12:38,5.0,12.22 유준상/한지상/박민성배우님의 공연을 보았습니다.영웅본색이 제 새대의 영화는 아니라서 내용을 자세히 모르는 상태에서 봤는데영화는 어떨까? 하는 생각이 들만큼 궁금하고 설레이게 만든 공연이었던거 같습니다!평소 느와르 장르를 좋아하는 저에겐 정말 취향저격하는 뮤지컬이었던거같고 초연으로 올라온 뮤지컬임이 믿겨지지않을정도로 완벽한 연출이었어요~후반부로 갈수록 눈물샘을 자극..ㅠㅠ지금까지도 공연의 여운이 계속되네요~또 보러가야겠어요 ㅠㅠ
PF378344,2019.12.23 21:31,5.0,"영웅본색 세대가 아니기에 사실 영화 내용은 몰랐어요. 그럼에도 불구하고 주윤발, 장국영이라는 배우들이 그 영화에 나왔다는 것을 알고 있을 정도로 너무나 유명하고, 정말 '멋'이라는 것에 한 획을 그은 영화라는 것은 확실하게 알고 있었기에, 이번 뮤지컬 &lt;영웅본색&gt;이 과연 어떻게 그 멋짐을 표현해 냈을 지 궁금해하면서 공연을 보러 갔답니다.정말 기대 이상의 무대로 &lt;영웅본색&gt;을 표현해 주셨더라고요. 천 장이 넘는 LED로 이루어진 화려한 무대, 그리고 그 무대만큼이나 화려한 배우님들의 열연과 웅장한 음악과 편곡들. 감탄할 수 밖에 없더군요.박민성 배우님의 마크는 정말 마크가 환생한 것 같았어요. 연출님께서 인생캐라고 인정하셨다던 인터뷰를 보고 기대하면서 갔는데 너무너무 멋지셔서 반할 수 밖에 없더라구요. 그리고 한지상 배우님의 자걸은, 형의 사랑을 듬뿍 받고 바르게 자란 동생 그 자체였기에, 상처받고 형에게 분노를 표출할 때 더욱 마음이 아파왔던 것 같아요. 특히 2막에서의 솔로 넘버 때 슬픈 눈빛과 자신의 삶을 돌아보며 부르는 듯 한 노래가 너무 좋았어요.ㅠㅠ 유준상 배우님의 자호는 정말 자걸을 아들처럼 애지중지 키워낸, 그런 형이라는 느낌이었구요. 민우혁 배우님의 자호는 자걸을 아끼면서 한편으로는 의지하는 듯 한, 사랑이 넘치는 형이시더라구요. 임태경 배우님의 공연 역시 곧 보러 갈 예정인데 어떤 느낌의 자호일 지 너무너무 기대돼요.특히 수족관 장면이나 자걸의 '분향미래일자' 넘버 때의 무대연출이 너무나 인상적이었구요. 1막과 2막이 이어지면서 장면이 반복되는 부분이 있는데, 그 연출이 정말 좋더라구요. 영화를 본 적 없는 저도 극 내용이 쭉쭉 이해되면서 정말 푹 빠져버렸답니다. 그리고 빼놓을 수 없는 앙상블들의 완벽한 군무! 역시 갓상블이라는 말이 절로 나와요. 앞으로도 수도 없이 또 보러 가게 될 작품이지만, 매번 기대할 수 밖에 없네요^^무대 위에서 펼쳐지는 멋진 남자들의 이야기, &lt;영웅본색&gt;!! 정말 애정하는 작품이 될 것 같아요~♡"
PF378344,2019.12.22 22:59,5.0,이장우 배우님을 보기위해  인생의 첫 뮤지컬을 보았어요근데 다른 배우님의 연기력에  소름돋고  스트레스가 풀리고또 보고싶단 맘에 두번째 보았습니당영화관 안가는 저를 뮤지컬이라는 매력에 빠지게한 영웅본색 장우배우님께무한 감사드립니당대박나세요~!
PF378344,2019.12.22 22:34,4.0,"영화로 알던 이야기가 뮤지컬로 오게 된 영웅본색.스토리가 막 진행이 되는 게 아니라 어떠한 인물이 주체가 되고 그 주체의 심리가 나타나도록하여 1부,2부가 나눠진다. 느와르 장르에 중간중간 재밌는 요소로 이야기가 풀어진다. 짜임새가  다양한 무대영상으로 빈틈없는 연출.  다만  장소가 한전아트센터라  아쉽다."
PF378344,2019.12.19 12:30,5.0,화려한 정교한 LED무대 영상으로 실제  그 시절 홍콩에 있는 듯한 착각을 불러 일으켜요.무대 장치나 소품 하나하나도 다 신경쓴게 너무 티납니다. 특히 압권은 오케로 풀어난 영웅본색의 킬링 넘버에 맞춰 쏟아내는 배우들의 연기와 노래들!!!  연말에 친구들과 함께 다시 한번 보러 가려고 합니다.너무 재밌고 멋있고 즐거웠어요~!!!
PF382518,2020.01.18 22:38,1.0,"공연은 좋았으나티켓 오픈 시간이 8분이나 지연되고 3시, 9시 타임이 동시 오픈이 아니고 순차적으로 오픈이 되었습니다.공연장에 가보니 50,60대 어르신들이 많으시던데요혹시 초청석이 따로 있었는지 궁금합니다."
PF382518,2020.01.10 22:37,1.0,티켓링크 오픈제대로하세요
PF382518,2020.01.09 16:04,1.0,최악 9시오픈안하고 진짜!!!
PF382518,2020.01.09 09:15,1.0,동시오픈 왜 안해줘요 ㅠㅠㅠㅠㅠㅠㅠㅠㅠ 밤공하긴했는데...낮&amp;밤 포함해서 1인2매 제한이였나봐요?? 공지도 거지같고 오픈시간도 안맞추고 뭐 이래요ㅋㅋㅋㅋ
PF382518,2020.01.09 09:14,1.0,9시에  오픈되지도 않고~!!!!!!!3시 공연은 뜨지도 않고~!!!!!!!!!!뭐죠???뭐 하나 똑바로 하는게 없노???
PF382518,2020.01.09 09:12,1.0,3시꺼도 오픈되어있었나요?
PF382518,2020.01.09 09:09,1.0,대기중...
PF382518,2020.01.09 09:07,1.0,예매오픈해주세요~~~~~~ 대기하고 있었는데...  ㅠㅠ
PF382518,2020.01.09 09:07,1.0,티켓 오픈도 안되고..;; 방문 예매 먼저하고 18시에 티켓 열어준다는거임??? 전화도 통화중으로 계속 뜨고 당황스럽네요~
PF382518,2020.01.09 09:06,1.0,머야 이거 왜 오픈도 안되고 이러는거야 시작부터 왜이러는거에요
PF382518,2020.01.09 09:06,1.0,9시 오픈아닌가요??
PF382518,2020.01.09 09:05,1.0,9시에 오픈아닌가요?;;;당황..
PF314478,2022.08.15 01:05,5.0,2022.08.14 진짜 재밌게 봣습니다여름더운데 최고의 피서지 재밋게 웃고 스릴러라는 단어처럼  무서웠습니다!
PF314478,2022.08.13 22:01,5.0,연극을 보는게 30년 만에 처음이라 재밌을까? 의구심이 들었는데시작부터 끝까지 눈과 귀를 만족 시켜주셔서 너무 감사합니다.크게 웃을일이 잘없었던거 같은데 여자친구와 좋은 추억 남기고 갑니다.카운터 직원분들부터 연극하시는 배우분들 까지 친절하고 긍정텐션으로 반겨주시고 마무리 해주셔서 더운 여름에 기분좋게 좋은 작품 만나고 갑니다.또 다른 작품나오면 보러 가겠습니다. 감사합니다
PF314478,2022.08.09 16:14,5.0,넘 쭈아요 ㅜ ㅜ 연기 대박… 완전 재밌고 좋았어요 ㅎㅎ 근데 브금? 배경 소리 가끔씩 날 때 소리가 엄청 커서 심장마비로 기절할 뻔 했어요… 넘 무서웠음 ㅜ
PF314478,2022.08.06 18:12,5.0,너무 너무 재미있어요. 배우분들 연기를 너무 잘하세요. 강추합니다.
PF314478,2022.08.04 09:36,5.0,이창건 배우님에게 너무 설레고 집으로 돌아왔어요! 너무 재미있었고 반전덕에 흥미진진하고 행복했던 공연이였어요ㅠ 진짜 다시 n차로 꼭 봐야되겠구나!! 하고 결심히는 하루였어요🥰 행복했습니다. 배우님들 오래오래 들숨에 건강 날숨에 재력 얻으시기를 바랄게요🥰
PF314478,2022.07.31 22:20,5.0,멀티역 권성윤배우 너무 재미있게 잘하더군요 개콘보다 재미있었네요 암전일때 긴장도 되고 배우들 열연으로 연극무대 뿌셔지는줄..극중 애드립도 좋았고 가족이 같이보기 좋아요  공연끝나고 배우들과 사진도 찍고 추천합니다
PF314478,2022.07.31 17:25,5.0,너무재밌게 관람했습니다 멀티역 맡으신 이창건 배우님 기억에 남았어요 연기도 최고 몰입도최고 웃음도최고!!!@! 더운대구여름날 무더위가 싹가는 연극!! 그녀가산드 추천합니당~~~ 반전에 소오옹름
PF314478,2022.07.30 10:09,5.0,"휴가를 맞아서 딸램이랑 둘이 모처럼 나들이~^^코믹반전스릴러?ㅋ이계절딱!!이다 싶어 예매ㅡ관람했네요~공연은 완전기대이상 대~~~~박.^^백문불여일견~^^강추입니다..ㅎ아들,딸 같은 배우님들 열연에 엄마맘으로 대견스럽고 멋지네요~영화이상의 감동과 재미.....여름 한가운데서 느껴보셔요~^^확~~~와닿고싶으 신분은 맨앞줄 추천드려요...ㅋ배우님들 아자아자!!!♡♡♡"
PF314478,2022.07.01 01:11,5.0,연극은 태어나서 처음 봤는데 넘 재밌었어요~~요즘 코시국에 이렇게 재미있게 웃어본 게 언젠지 정말  박장대소와 스릴 넘 치는 연극을 보여 주셔서 감사합니다왠지  또  갈꺼 같은 이느낌 적인 느낌!!!!
PF314478,2022.06.27 15:01,5.0,코믹스릴러는 처음 봤는데  너무 잼있었어요  더운여름 날  너무 시원하게 본거같아요 ㅋ 같이 본 고딩 아들은  귀신역  배우가 너무 이쁘다고    친구들이랑  또 갈꺼라네요 ^^
